<?xml version="1.0" encoding="UTF-8"?>
<kml xmlns="http://earth.google.com/kml/2.2">
<Document>
	<name>lamsas1162.kml</name>
	<StyleMap id="msn_ylw-pushpin1">
		<Pair>
			<key>normal</key>
			<styleUrl>#sn_ylw-pushpin</styleUrl>
		</Pair>
		<Pair>
			<key>highlight</key>
			<styleUrl>#sh_ylw-pushpin1</styleUrl>
		</Pair>
	</StyleMap>
	<Style id="sn_ylw-pushpin0">
		<LineStyle>
			<color>ff7f00ff</color>
			<width>3</width>
		</LineStyle>
	</Style>
	<StyleMap id="msn_ylw-pushpin">
		<Pair>
			<key>normal</key>
			<styleUrl>#sn_ylw-pushpin0</styleUrl>
		</Pair>
		<Pair>
			<key>highlight</key>
			<styleUrl>#sh_ylw-pushpin</styleUrl>
		</Pair>
	</StyleMap>
	<Style id="sn_ylw-pushpin00">
		<LineStyle>
			<color>ffff00ff</color>
			<width>3</width>
		</LineStyle>
	</Style>
	<StyleMap id="msn_ylw-pushpin0">
		<Pair>
			<key>normal</key>
			<styleUrl>#sn_ylw-pushpin00</styleUrl>
		</Pair>
		<Pair>
			<key>highlight</key>
			<styleUrl>#sh_ylw-pushpin0</styleUrl>
		</Pair>
	</StyleMap>
	<Style id="sh_ylw-pushpin">
		<IconStyle>
			<scale>1.2</scale>
		</IconStyle>
		<LineStyle>
			<color>ff7f00ff</color>
			<width>3</width>
		</LineStyle>
	</Style>
	<Style id="sh_ylw-pushpin1">
		<IconStyle>
			<scale>1.2</scale>
		</IconStyle>
		<LineStyle>
			<color>ff7f00ff</color>
			<width>3</width>
		</LineStyle>
	</Style>
	<Style id="sh_ylw-pushpin0">
		<IconStyle>
			<scale>1.2</scale>
		</IconStyle>
		<LineStyle>
			<color>ffff00ff</color>
			<width>3</width>
		</LineStyle>
	</Style>
	<Style id="sn_ylw-pushpin">
		<LineStyle>
			<color>ff7f00ff</color>
			<width>3</width>
		</LineStyle>
	</Style>
	<Folder>
		<name>LAMSAS (1162 locations)</name>
		<visibility>0</visibility>
		<Style id="sh_ylw-pushpin">
			<IconStyle>
				<scale>1.2</scale>
			</IconStyle>
			<LineStyle>
				<color>ffff00ff</color>
				<width>3</width>
			</LineStyle>
		</Style>
		<Placemark>
			<name>1</name>
			<visibility>0</visibility>
			<Point>
				<extrude>1</extrude>
				<coordinates>-72.3039,41.1389,0</coordinates>
			</Point>
		</Placemark>
		<Placemark>
			<name>2</name>
			<visibility>0</visibility>
			<Point>
				<extrude>1</extrude>
				<coordinates>-72.185,40.965,0</coordinates>
			</Point>
		</Placemark>
		<Placemark>
			<name>3</name>
			<visibility>0</visibility>
			<Point>
				<extrude>1</extrude>
				<coordinates>-72.2786,40.9253,0</coordinates>
			</Point>
		</Placemark>
		<Placemark>
			<name>4</name>
			<visibility>0</visibility>
			<Point>
				<extrude>1</extrude>
				<coordinates>-72.3014,40.9378,0</coordinates>
			</Point>
		</Placemark>
		<Placemark>
			<name>5</name>
			<visibility>0</visibility>
			<Point>
				<extrude>1</extrude>
				<coordinates>-72.9158,40.7792,0</coordinates>
			</Point>
		</Placemark>
		<Placemark>
			<name>6</name>
			<visibility>0</visibility>
			<Point>
				<extrude>1</extrude>
				<coordinates>-73.42610000000001,40.8681,0</coordinates>
			</Point>
		</Placemark>
		<Placemark>
			<name>7</name>
			<visibility>0</visibility>
			<Point>
				<extrude>1</extrude>
				<coordinates>-73.00190000000001,40.8686,0</coordinates>
			</Point>
		</Placemark>
		<Placemark>
			<name>8</name>
			<visibility>0</visibility>
			<Point>
				<extrude>1</extrude>
				<coordinates>-73.3014,40.9125,0</coordinates>
			</Point>
		</Placemark>
		<Placemark>
			<name>9</name>
			<visibility>0</visibility>
			<Point>
				<extrude>1</extrude>
				<coordinates>-73.62860000000001,40.8283,0</coordinates>
			</Point>
		</Placemark>
		<Placemark>
			<name>10</name>
			<visibility>0</visibility>
			<Point>
				<extrude>1</extrude>
				<coordinates>-73.5836,40.6575,0</coordinates>
			</Point>
		</Placemark>
		<Placemark>
			<name>11</name>
			<visibility>0</visibility>
			<Point>
				<extrude>1</extrude>
				<coordinates>-73.55889999999999,40.7125,0</coordinates>
			</Point>
		</Placemark>
		<Placemark>
			<name>12</name>
			<visibility>0</visibility>
			<Point>
				<extrude>1</extrude>
				<coordinates>-73.9353,40.6211,0</coordinates>
			</Point>
		</Placemark>
		<Placemark>
			<name>13</name>
			<visibility>0</visibility>
			<Point>
				<extrude>1</extrude>
				<coordinates>-73.95,40.6667,0</coordinates>
			</Point>
		</Placemark>
		<Placemark>
			<name>14</name>
			<visibility>0</visibility>
			<Point>
				<extrude>1</extrude>
				<coordinates>-73.8442,40.6767,0</coordinates>
			</Point>
		</Placemark>
		<Placemark>
			<name>15</name>
			<visibility>0</visibility>
			<Point>
				<extrude>1</extrude>
				<coordinates>-73.91670000000001,40.6833,0</coordinates>
			</Point>
		</Placemark>
		<Placemark>
			<name>16</name>
			<visibility>0</visibility>
			<Point>
				<extrude>1</extrude>
				<coordinates>-73.9594,40.6667,0</coordinates>
			</Point>
		</Placemark>
		<Placemark>
			<name>17</name>
			<visibility>0</visibility>
			<Point>
				<extrude>1</extrude>
				<coordinates>-73.9875,40.6667,0</coordinates>
			</Point>
		</Placemark>
		<Placemark>
			<name>18</name>
			<visibility>0</visibility>
			<Point>
				<extrude>1</extrude>
				<coordinates>-74,40.625,0</coordinates>
			</Point>
		</Placemark>
		<Placemark>
			<name>19</name>
			<visibility>0</visibility>
			<Point>
				<extrude>1</extrude>
				<coordinates>-73.99420000000001,40.6953,0</coordinates>
			</Point>
		</Placemark>
		<Placemark>
			<name>20</name>
			<visibility>0</visibility>
			<Point>
				<extrude>1</extrude>
				<coordinates>-73.81780000000001,40.7653,0</coordinates>
			</Point>
		</Placemark>
		<Placemark>
			<name>21</name>
			<visibility>0</visibility>
			<Point>
				<extrude>1</extrude>
				<coordinates>-74.19499999999999,40.5372,0</coordinates>
			</Point>
		</Placemark>
		<Placemark>
			<name>22</name>
			<visibility>0</visibility>
			<Point>
				<extrude>1</extrude>
				<coordinates>-74.2431,40.5106,0</coordinates>
			</Point>
		</Placemark>
		<Placemark>
			<name>23</name>
			<visibility>0</visibility>
			<Point>
				<extrude>1</extrude>
				<coordinates>-74.0064,40.7142,0</coordinates>
			</Point>
		</Placemark>
		<Placemark>
			<name>24</name>
			<visibility>0</visibility>
			<Point>
				<extrude>1</extrude>
				<coordinates>-73.95,40.8125,0</coordinates>
			</Point>
		</Placemark>
		<Placemark>
			<name>25</name>
			<visibility>0</visibility>
			<Point>
				<extrude>1</extrude>
				<coordinates>-73.9639,40.8014,0</coordinates>
			</Point>
		</Placemark>
		<Placemark>
			<name>26</name>
			<visibility>0</visibility>
			<Point>
				<extrude>1</extrude>
				<coordinates>-73.9472,40.8333,0</coordinates>
			</Point>
		</Placemark>
		<Placemark>
			<name>27</name>
			<visibility>0</visibility>
			<Point>
				<extrude>1</extrude>
				<coordinates>-73.99809999999999,40.67,0</coordinates>
			</Point>
		</Placemark>
		<Placemark>
			<name>28</name>
			<visibility>0</visibility>
			<Point>
				<extrude>1</extrude>
				<coordinates>-73.9678,40.7972,0</coordinates>
			</Point>
		</Placemark>
		<Placemark>
			<name>29</name>
			<visibility>0</visibility>
			<Point>
				<extrude>1</extrude>
				<coordinates>-73.9333,40.7917,0</coordinates>
			</Point>
		</Placemark>
		<Placemark>
			<name>30</name>
			<visibility>0</visibility>
			<Point>
				<extrude>1</extrude>
				<coordinates>-74,40.75,0</coordinates>
			</Point>
		</Placemark>
		<Placemark>
			<name>31</name>
			<visibility>0</visibility>
			<Point>
				<extrude>1</extrude>
				<coordinates>-73.9764,40.7542,0</coordinates>
			</Point>
		</Placemark>
		<Placemark>
			<name>32</name>
			<visibility>0</visibility>
			<Point>
				<extrude>1</extrude>
				<coordinates>-73.96810000000001,40.7617,0</coordinates>
			</Point>
		</Placemark>
		<Placemark>
			<name>33</name>
			<visibility>0</visibility>
			<Point>
				<extrude>1</extrude>
				<coordinates>-73.95699999999999,40.7747,0</coordinates>
			</Point>
		</Placemark>
		<Placemark>
			<name>34</name>
			<visibility>0</visibility>
			<Point>
				<extrude>1</extrude>
				<coordinates>-73.9678,40.7611,0</coordinates>
			</Point>
		</Placemark>
		<Placemark>
			<name>35</name>
			<visibility>0</visibility>
			<Point>
				<extrude>1</extrude>
				<coordinates>-73.9783,40.7639,0</coordinates>
			</Point>
		</Placemark>
		<Placemark>
			<name>36</name>
			<visibility>0</visibility>
			<Point>
				<extrude>1</extrude>
				<coordinates>-73.8781,40.8397,0</coordinates>
			</Point>
		</Placemark>
		<Placemark>
			<name>37</name>
			<visibility>0</visibility>
			<Point>
				<extrude>1</extrude>
				<coordinates>-73.8592,41.0761,0</coordinates>
			</Point>
		</Placemark>
		<Placemark>
			<name>38</name>
			<visibility>0</visibility>
			<Point>
				<extrude>1</extrude>
				<coordinates>-73.6442,41.2042,0</coordinates>
			</Point>
		</Placemark>
		<Placemark>
			<name>39</name>
			<visibility>0</visibility>
			<Point>
				<extrude>1</extrude>
				<coordinates>-73.6139,41.263,0</coordinates>
			</Point>
		</Placemark>
		<Placemark>
			<name>40</name>
			<visibility>0</visibility>
			<Point>
				<extrude>1</extrude>
				<coordinates>-74.56189999999999,41.3019,0</coordinates>
			</Point>
		</Placemark>
		<Placemark>
			<name>41</name>
			<visibility>0</visibility>
			<Point>
				<extrude>1</extrude>
				<coordinates>-74.32470000000001,41.4019,0</coordinates>
			</Point>
		</Placemark>
		<Placemark>
			<name>42</name>
			<visibility>0</visibility>
			<Point>
				<extrude>1</extrude>
				<coordinates>-73.87439999999999,41.3358,0</coordinates>
			</Point>
		</Placemark>
		<Placemark>
			<name>43</name>
			<visibility>0</visibility>
			<Point>
				<extrude>1</extrude>
				<coordinates>-73.6961,41.5192,0</coordinates>
			</Point>
		</Placemark>
		<Placemark>
			<name>44</name>
			<visibility>0</visibility>
			<Point>
				<extrude>1</extrude>
				<coordinates>-73.6669,41.7003,0</coordinates>
			</Point>
		</Placemark>
		<Placemark>
			<name>45</name>
			<visibility>0</visibility>
			<Point>
				<extrude>1</extrude>
				<coordinates>-73.92140000000001,41.7003,0</coordinates>
			</Point>
		</Placemark>
		<Placemark>
			<name>46</name>
			<visibility>0</visibility>
			<Point>
				<extrude>1</extrude>
				<coordinates>-73.98690000000001,42.0386,0</coordinates>
			</Point>
		</Placemark>
		<Placemark>
			<name>47</name>
			<visibility>0</visibility>
			<Point>
				<extrude>1</extrude>
				<coordinates>-74.0617,41.9245,0</coordinates>
			</Point>
		</Placemark>
		<Placemark>
			<name>48</name>
			<visibility>0</visibility>
			<Point>
				<extrude>1</extrude>
				<coordinates>-74.5483,41.8478,0</coordinates>
			</Point>
		</Placemark>
		<Placemark>
			<name>49</name>
			<visibility>0</visibility>
			<Point>
				<extrude>1</extrude>
				<coordinates>-74.6897,41.6556,0</coordinates>
			</Point>
		</Placemark>
		<Placemark>
			<name>50</name>
			<visibility>0</visibility>
			<Point>
				<extrude>1</extrude>
				<coordinates>-74.3014,42.2625,0</coordinates>
			</Point>
		</Placemark>
		<Placemark>
			<name>51</name>
			<visibility>0</visibility>
			<Point>
				<extrude>1</extrude>
				<coordinates>-74.30329999999999,42.2703,0</coordinates>
			</Point>
		</Placemark>
		<Placemark>
			<name>52</name>
			<visibility>0</visibility>
			<Point>
				<extrude>1</extrude>
				<coordinates>-73.8275,42.085,0</coordinates>
			</Point>
		</Placemark>
		<Placemark>
			<name>53</name>
			<visibility>0</visibility>
			<Point>
				<extrude>1</extrude>
				<coordinates>-73.7914,42.2528,0</coordinates>
			</Point>
		</Placemark>
		<Placemark>
			<name>54</name>
			<visibility>0</visibility>
			<Point>
				<extrude>1</extrude>
				<coordinates>-73.34050000000001,42.7494,0</coordinates>
			</Point>
		</Placemark>
		<Placemark>
			<name>55</name>
			<visibility>0</visibility>
			<Point>
				<extrude>1</extrude>
				<coordinates>-73.70610000000001,42.5125,0</coordinates>
			</Point>
		</Placemark>
		<Placemark>
			<name>56</name>
			<visibility>0</visibility>
			<Point>
				<extrude>1</extrude>
				<coordinates>-74.075,42.6164,0</coordinates>
			</Point>
		</Placemark>
		<Placemark>
			<name>57</name>
			<visibility>0</visibility>
			<Point>
				<extrude>1</extrude>
				<coordinates>-74.0342,42.7005,0</coordinates>
			</Point>
		</Placemark>
		<Placemark>
			<name>58</name>
			<visibility>0</visibility>
			<Point>
				<extrude>1</extrude>
				<coordinates>-73.7567,42.6525,0</coordinates>
			</Point>
		</Placemark>
		<Placemark>
			<name>59</name>
			<visibility>0</visibility>
			<Point>
				<extrude>1</extrude>
				<coordinates>-74.13420000000001,42.7619,0</coordinates>
			</Point>
		</Placemark>
		<Placemark>
			<name>60</name>
			<visibility>0</visibility>
			<Point>
				<extrude>1</extrude>
				<coordinates>-74.2586,42.5306,0</coordinates>
			</Point>
		</Placemark>
		<Placemark>
			<name>61</name>
			<visibility>0</visibility>
			<Point>
				<extrude>1</extrude>
				<coordinates>-74.61750000000001,42.7958,0</coordinates>
			</Point>
		</Placemark>
		<Placemark>
			<name>62</name>
			<visibility>0</visibility>
			<Point>
				<extrude>1</extrude>
				<coordinates>-74.7461,42.8592,0</coordinates>
			</Point>
		</Placemark>
		<Placemark>
			<name>63</name>
			<visibility>0</visibility>
			<Point>
				<extrude>1</extrude>
				<coordinates>-74.3442,43.0528,0</coordinates>
			</Point>
		</Placemark>
		<Placemark>
			<name>64</name>
			<visibility>0</visibility>
			<Point>
				<extrude>1</extrude>
				<coordinates>-73.83280000000001,43.2445,0</coordinates>
			</Point>
		</Placemark>
		<Placemark>
			<name>65</name>
			<visibility>0</visibility>
			<Point>
				<extrude>1</extrude>
				<coordinates>-73.6061,43.1333,0</coordinates>
			</Point>
		</Placemark>
		<Placemark>
			<name>66</name>
			<visibility>0</visibility>
			<Point>
				<extrude>1</extrude>
				<coordinates>-73.5822,43.1,0</coordinates>
			</Point>
		</Placemark>
		<Placemark>
			<name>67</name>
			<visibility>0</visibility>
			<Point>
				<extrude>1</extrude>
				<coordinates>-73.3942,43.3636,0</coordinates>
			</Point>
		</Placemark>
		<Placemark>
			<name>68</name>
			<visibility>0</visibility>
			<Point>
				<extrude>1</extrude>
				<coordinates>-73.58499999999999,43.2669,0</coordinates>
			</Point>
		</Placemark>
		<Placemark>
			<name>69</name>
			<visibility>0</visibility>
			<Point>
				<extrude>1</extrude>
				<coordinates>-73.96169999999999,43.6183,0</coordinates>
			</Point>
		</Placemark>
		<Placemark>
			<name>70</name>
			<visibility>0</visibility>
			<Point>
				<extrude>1</extrude>
				<coordinates>-73.77670000000001,43.4967,0</coordinates>
			</Point>
		</Placemark>
		<Placemark>
			<name>71</name>
			<visibility>0</visibility>
			<Point>
				<extrude>1</extrude>
				<coordinates>-74.4131,43.4708,0</coordinates>
			</Point>
		</Placemark>
		<Placemark>
			<name>72</name>
			<visibility>0</visibility>
			<Point>
				<extrude>1</extrude>
				<coordinates>-74.3622,43.4972,0</coordinates>
			</Point>
		</Placemark>
		<Placemark>
			<name>73</name>
			<visibility>0</visibility>
			<Point>
				<extrude>1</extrude>
				<coordinates>-74.35550000000001,43.4889,0</coordinates>
			</Point>
		</Placemark>
		<Placemark>
			<name>74</name>
			<visibility>0</visibility>
			<Point>
				<extrude>1</extrude>
				<coordinates>-73.4239,43.8486,0</coordinates>
			</Point>
		</Placemark>
		<Placemark>
			<name>75</name>
			<visibility>0</visibility>
			<Point>
				<extrude>1</extrude>
				<coordinates>-73.44029999999999,43.8556,0</coordinates>
			</Point>
		</Placemark>
		<Placemark>
			<name>76</name>
			<visibility>0</visibility>
			<Point>
				<extrude>1</extrude>
				<coordinates>-73.4222,43.8333,0</coordinates>
			</Point>
		</Placemark>
		<Placemark>
			<name>77</name>
			<visibility>0</visibility>
			<Point>
				<extrude>1</extrude>
				<coordinates>-73.4533,44.6994,0</coordinates>
			</Point>
		</Placemark>
		<Placemark>
			<name>78</name>
			<visibility>0</visibility>
			<Point>
				<extrude>1</extrude>
				<coordinates>-73.43640000000001,44.8897,0</coordinates>
			</Point>
		</Placemark>
		<Placemark>
			<name>79</name>
			<visibility>0</visibility>
			<Point>
				<extrude>1</extrude>
				<coordinates>-73.447,44.9864,0</coordinates>
			</Point>
		</Placemark>
		<Placemark>
			<name>80</name>
			<visibility>0</visibility>
			<Point>
				<extrude>1</extrude>
				<coordinates>-74.0339,44.8578,0</coordinates>
			</Point>
		</Placemark>
		<Placemark>
			<name>81</name>
			<visibility>0</visibility>
			<Point>
				<extrude>1</extrude>
				<coordinates>-74.2953,44.8486,0</coordinates>
			</Point>
		</Placemark>
		<Placemark>
			<name>82</name>
			<visibility>0</visibility>
			<Point>
				<extrude>1</extrude>
				<coordinates>-74.29170000000001,44.8417,0</coordinates>
			</Point>
		</Placemark>
		<Placemark>
			<name>83</name>
			<visibility>0</visibility>
			<Point>
				<extrude>1</extrude>
				<coordinates>-74.88809999999999,44.5106,0</coordinates>
			</Point>
		</Placemark>
		<Placemark>
			<name>84</name>
			<visibility>0</visibility>
			<Point>
				<extrude>1</extrude>
				<coordinates>-74.7153,44.7056,0</coordinates>
			</Point>
		</Placemark>
		<Placemark>
			<name>85</name>
			<visibility>0</visibility>
			<Point>
				<extrude>1</extrude>
				<coordinates>-74.70359999999999,44.6903,0</coordinates>
			</Point>
		</Placemark>
		<Placemark>
			<name>86</name>
			<visibility>0</visibility>
			<Point>
				<extrude>1</extrude>
				<coordinates>-74.70829999999999,44.7,0</coordinates>
			</Point>
		</Placemark>
		<Placemark>
			<name>87</name>
			<visibility>0</visibility>
			<Point>
				<extrude>1</extrude>
				<coordinates>-74.682,44.6908,0</coordinates>
			</Point>
		</Placemark>
		<Placemark>
			<name>88</name>
			<visibility>0</visibility>
			<Point>
				<extrude>1</extrude>
				<coordinates>-75.9742,44.1144,0</coordinates>
			</Point>
		</Placemark>
		<Placemark>
			<name>89</name>
			<visibility>0</visibility>
			<Point>
				<extrude>1</extrude>
				<coordinates>-75.7975,44.2153,0</coordinates>
			</Point>
		</Placemark>
		<Placemark>
			<name>90</name>
			<visibility>0</visibility>
			<Point>
				<extrude>1</extrude>
				<coordinates>-75.4289,43.5667,0</coordinates>
			</Point>
		</Placemark>
		<Placemark>
			<name>91</name>
			<visibility>0</visibility>
			<Point>
				<extrude>1</extrude>
				<coordinates>-75.4406,43.8378,0</coordinates>
			</Point>
		</Placemark>
		<Placemark>
			<name>92</name>
			<visibility>0</visibility>
			<Point>
				<extrude>1</extrude>
				<coordinates>-74.9747,43.71,0</coordinates>
			</Point>
		</Placemark>
		<Placemark>
			<name>93</name>
			<visibility>0</visibility>
			<Point>
				<extrude>1</extrude>
				<coordinates>-74.9772,43.7078,0</coordinates>
			</Point>
		</Placemark>
		<Placemark>
			<name>94</name>
			<visibility>0</visibility>
			<Point>
				<extrude>1</extrude>
				<coordinates>-74.9156,43.8183,0</coordinates>
			</Point>
		</Placemark>
		<Placemark>
			<name>95</name>
			<visibility>0</visibility>
			<Point>
				<extrude>1</extrude>
				<coordinates>-76.5642,43.4353,0</coordinates>
			</Point>
		</Placemark>
		<Placemark>
			<name>96</name>
			<visibility>0</visibility>
			<Point>
				<extrude>1</extrude>
				<coordinates>-76.5108,43.4553,0</coordinates>
			</Point>
		</Placemark>
		<Placemark>
			<name>97</name>
			<visibility>0</visibility>
			<Point>
				<extrude>1</extrude>
				<coordinates>-76.1281,43.5669,0</coordinates>
			</Point>
		</Placemark>
		<Placemark>
			<name>98</name>
			<visibility>0</visibility>
			<Point>
				<extrude>1</extrude>
				<coordinates>-76.51949999999999,43.4436,0</coordinates>
			</Point>
		</Placemark>
		<Placemark>
			<name>99</name>
			<visibility>0</visibility>
			<Point>
				<extrude>1</extrude>
				<coordinates>-76.4483,43.0344,0</coordinates>
			</Point>
		</Placemark>
		<Placemark>
			<name>100</name>
			<visibility>0</visibility>
			<Point>
				<extrude>1</extrude>
				<coordinates>-75.9333,42.9781,0</coordinates>
			</Point>
		</Placemark>
		<Placemark>
			<name>101</name>
			<visibility>0</visibility>
			<Point>
				<extrude>1</extrude>
				<coordinates>-76.1478,43.0481,0</coordinates>
			</Point>
		</Placemark>
		<Placemark>
			<name>102</name>
			<visibility>0</visibility>
			<Point>
				<extrude>1</extrude>
				<coordinates>-75.8531,42.93,0</coordinates>
			</Point>
		</Placemark>
		<Placemark>
			<name>103</name>
			<visibility>0</visibility>
			<Point>
				<extrude>1</extrude>
				<coordinates>-75.6883,42.9672,0</coordinates>
			</Point>
		</Placemark>
		<Placemark>
			<name>104</name>
			<visibility>0</visibility>
			<Point>
				<extrude>1</extrude>
				<coordinates>-75.5183,43.3033,0</coordinates>
			</Point>
		</Placemark>
		<Placemark>
			<name>105</name>
			<visibility>0</visibility>
			<Point>
				<extrude>1</extrude>
				<coordinates>-75.2595,43.1367,0</coordinates>
			</Point>
		</Placemark>
		<Placemark>
			<name>106</name>
			<visibility>0</visibility>
			<Point>
				<extrude>1</extrude>
				<coordinates>-75.23309999999999,43.1008,0</coordinates>
			</Point>
		</Placemark>
		<Placemark>
			<name>107</name>
			<visibility>0</visibility>
			<Point>
				<extrude>1</extrude>
				<coordinates>-75.03749999999999,42.9325,0</coordinates>
			</Point>
		</Placemark>
		<Placemark>
			<name>108</name>
			<visibility>0</visibility>
			<Point>
				<extrude>1</extrude>
				<coordinates>-75.03579999999999,43.015,0</coordinates>
			</Point>
		</Placemark>
		<Placemark>
			<name>109</name>
			<visibility>0</visibility>
			<Point>
				<extrude>1</extrude>
				<coordinates>-74.9036,42.9614,0</coordinates>
			</Point>
		</Placemark>
		<Placemark>
			<name>110</name>
			<visibility>0</visibility>
			<Point>
				<extrude>1</extrude>
				<coordinates>-74.7508,42.5914,0</coordinates>
			</Point>
		</Placemark>
		<Placemark>
			<name>111</name>
			<visibility>0</visibility>
			<Point>
				<extrude>1</extrude>
				<coordinates>-75.0283,42.7803,0</coordinates>
			</Point>
		</Placemark>
		<Placemark>
			<name>112</name>
			<visibility>0</visibility>
			<Point>
				<extrude>1</extrude>
				<coordinates>-74.785,42.2619,0</coordinates>
			</Point>
		</Placemark>
		<Placemark>
			<name>113</name>
			<visibility>0</visibility>
			<Point>
				<extrude>1</extrude>
				<coordinates>-75.1297,42.1694,0</coordinates>
			</Point>
		</Placemark>
		<Placemark>
			<name>114</name>
			<visibility>0</visibility>
			<Point>
				<extrude>1</extrude>
				<coordinates>-75.6028,42.6169,0</coordinates>
			</Point>
		</Placemark>
		<Placemark>
			<name>115</name>
			<visibility>0</visibility>
			<Point>
				<extrude>1</extrude>
				<coordinates>-76.4953,42.4292,0</coordinates>
			</Point>
		</Placemark>
		<Placemark>
			<name>116</name>
			<visibility>0</visibility>
			<Point>
				<extrude>1</extrude>
				<coordinates>-76.1019,42.6661,0</coordinates>
			</Point>
		</Placemark>
		<Placemark>
			<name>117</name>
			<visibility>0</visibility>
			<Point>
				<extrude>1</extrude>
				<coordinates>-75.96810000000001,42.3289,0</coordinates>
			</Point>
		</Placemark>
		<Placemark>
			<name>118</name>
			<visibility>0</visibility>
			<Point>
				<extrude>1</extrude>
				<coordinates>-76.06189999999999,42.3583,0</coordinates>
			</Point>
		</Placemark>
		<Placemark>
			<name>119</name>
			<visibility>0</visibility>
			<Point>
				<extrude>1</extrude>
				<coordinates>-75.9183,42.0986,0</coordinates>
			</Point>
		</Placemark>
		<Placemark>
			<name>120</name>
			<visibility>0</visibility>
			<Point>
				<extrude>1</extrude>
				<coordinates>-76.3361,42.0581,0</coordinates>
			</Point>
		</Placemark>
		<Placemark>
			<name>121</name>
			<visibility>0</visibility>
			<Point>
				<extrude>1</extrude>
				<coordinates>-76.43940000000001,42.1414,0</coordinates>
			</Point>
		</Placemark>
		<Placemark>
			<name>122</name>
			<visibility>0</visibility>
			<Point>
				<extrude>1</extrude>
				<coordinates>-76.83329999999999,42.1083,0</coordinates>
			</Point>
		</Placemark>
		<Placemark>
			<name>123</name>
			<visibility>0</visibility>
			<Point>
				<extrude>1</extrude>
				<coordinates>-76.88809999999999,42.2033,0</coordinates>
			</Point>
		</Placemark>
		<Placemark>
			<name>124</name>
			<visibility>0</visibility>
			<Point>
				<extrude>1</extrude>
				<coordinates>-76.9372,42.1372,0</coordinates>
			</Point>
		</Placemark>
		<Placemark>
			<name>125</name>
			<visibility>0</visibility>
			<Point>
				<extrude>1</extrude>
				<coordinates>-76.80800000000001,42.0897,0</coordinates>
			</Point>
		</Placemark>
		<Placemark>
			<name>126</name>
			<visibility>0</visibility>
			<Point>
				<extrude>1</extrude>
				<coordinates>-77.04940000000001,42.3056,0</coordinates>
			</Point>
		</Placemark>
		<Placemark>
			<name>127</name>
			<visibility>0</visibility>
			<Point>
				<extrude>1</extrude>
				<coordinates>-76.93300000000001,42.4303,0</coordinates>
			</Point>
		</Placemark>
		<Placemark>
			<name>128</name>
			<visibility>0</visibility>
			<Point>
				<extrude>1</extrude>
				<coordinates>-76.9567,42.3486,0</coordinates>
			</Point>
		</Placemark>
		<Placemark>
			<name>129</name>
			<visibility>0</visibility>
			<Point>
				<extrude>1</extrude>
				<coordinates>-76.5911,42.362,0</coordinates>
			</Point>
		</Placemark>
		<Placemark>
			<name>130</name>
			<visibility>0</visibility>
			<Point>
				<extrude>1</extrude>
				<coordinates>-76.2975,42.4908,0</coordinates>
			</Point>
		</Placemark>
		<Placemark>
			<name>131</name>
			<visibility>0</visibility>
			<Point>
				<extrude>1</extrude>
				<coordinates>-76.5733,43.1681,0</coordinates>
			</Point>
		</Placemark>
		<Placemark>
			<name>132</name>
			<visibility>0</visibility>
			<Point>
				<extrude>1</extrude>
				<coordinates>-76.5372,43.1656,0</coordinates>
			</Point>
		</Placemark>
		<Placemark>
			<name>133</name>
			<visibility>0</visibility>
			<Point>
				<extrude>1</extrude>
				<coordinates>-76.55670000000001,43.2214,0</coordinates>
			</Point>
		</Placemark>
		<Placemark>
			<name>134</name>
			<visibility>0</visibility>
			<Point>
				<extrude>1</extrude>
				<coordinates>-76.65470000000001,43.1972,0</coordinates>
			</Point>
		</Placemark>
		<Placemark>
			<name>135</name>
			<visibility>0</visibility>
			<Point>
				<extrude>1</extrude>
				<coordinates>-76.8339,42.7522,0</coordinates>
			</Point>
		</Placemark>
		<Placemark>
			<name>136</name>
			<visibility>0</visibility>
			<Point>
				<extrude>1</extrude>
				<coordinates>-76.8094,42.8142,0</coordinates>
			</Point>
		</Placemark>
		<Placemark>
			<name>137</name>
			<visibility>0</visibility>
			<Point>
				<extrude>1</extrude>
				<coordinates>-76.8631,42.9047,0</coordinates>
			</Point>
		</Placemark>
		<Placemark>
			<name>138</name>
			<visibility>0</visibility>
			<Point>
				<extrude>1</extrude>
				<coordinates>-76.79689999999999,42.9106,0</coordinates>
			</Point>
		</Placemark>
		<Placemark>
			<name>139</name>
			<visibility>0</visibility>
			<Point>
				<extrude>1</extrude>
				<coordinates>-77.0617,43.2378,0</coordinates>
			</Point>
		</Placemark>
		<Placemark>
			<name>140</name>
			<visibility>0</visibility>
			<Point>
				<extrude>1</extrude>
				<coordinates>-77.0444,43.2306,0</coordinates>
			</Point>
		</Placemark>
		<Placemark>
			<name>141</name>
			<visibility>0</visibility>
			<Point>
				<extrude>1</extrude>
				<coordinates>-77.5347,42.8097,0</coordinates>
			</Point>
		</Placemark>
		<Placemark>
			<name>142</name>
			<visibility>0</visibility>
			<Point>
				<extrude>1</extrude>
				<coordinates>-76.9781,42.8689,0</coordinates>
			</Point>
		</Placemark>
		<Placemark>
			<name>143</name>
			<visibility>0</visibility>
			<Point>
				<extrude>1</extrude>
				<coordinates>-77.4028,42.6153,0</coordinates>
			</Point>
		</Placemark>
		<Placemark>
			<name>144</name>
			<visibility>0</visibility>
			<Point>
				<extrude>1</extrude>
				<coordinates>-77.4083,42.6069,0</coordinates>
			</Point>
		</Placemark>
		<Placemark>
			<name>145</name>
			<visibility>0</visibility>
			<Point>
				<extrude>1</extrude>
				<coordinates>-76.9903,42.8778,0</coordinates>
			</Point>
		</Placemark>
		<Placemark>
			<name>146</name>
			<visibility>0</visibility>
			<Point>
				<extrude>1</extrude>
				<coordinates>-77.29219999999999,42.6117,0</coordinates>
			</Point>
		</Placemark>
		<Placemark>
			<name>147</name>
			<visibility>0</visibility>
			<Point>
				<extrude>1</extrude>
				<coordinates>-77.05419999999999,42.6608,0</coordinates>
			</Point>
		</Placemark>
		<Placemark>
			<name>148</name>
			<visibility>0</visibility>
			<Point>
				<extrude>1</extrude>
				<coordinates>-76.9833,42.6389,0</coordinates>
			</Point>
		</Placemark>
		<Placemark>
			<name>149</name>
			<visibility>0</visibility>
			<Point>
				<extrude>1</extrude>
				<coordinates>-77.3569,42.303,0</coordinates>
			</Point>
		</Placemark>
		<Placemark>
			<name>150</name>
			<visibility>0</visibility>
			<Point>
				<extrude>1</extrude>
				<coordinates>-77.318,42.3369,0</coordinates>
			</Point>
		</Placemark>
		<Placemark>
			<name>151</name>
			<visibility>0</visibility>
			<Point>
				<extrude>1</extrude>
				<coordinates>-77.6061,42.2703,0</coordinates>
			</Point>
		</Placemark>
		<Placemark>
			<name>152</name>
			<visibility>0</visibility>
			<Point>
				<extrude>1</extrude>
				<coordinates>-77.6614,42.3278,0</coordinates>
			</Point>
		</Placemark>
		<Placemark>
			<name>153</name>
			<visibility>0</visibility>
			<Point>
				<extrude>1</extrude>
				<coordinates>-78.2539,42.3922,0</coordinates>
			</Point>
		</Placemark>
		<Placemark>
			<name>154</name>
			<visibility>0</visibility>
			<Point>
				<extrude>1</extrude>
				<coordinates>-78.3092,42.3592,0</coordinates>
			</Point>
		</Placemark>
		<Placemark>
			<name>155</name>
			<visibility>0</visibility>
			<Point>
				<extrude>1</extrude>
				<coordinates>-78.4233,42.5339,0</coordinates>
			</Point>
		</Placemark>
		<Placemark>
			<name>156</name>
			<visibility>0</visibility>
			<Point>
				<extrude>1</extrude>
				<coordinates>-78.41670000000001,42.5236,0</coordinates>
			</Point>
		</Placemark>
		<Placemark>
			<name>157</name>
			<visibility>0</visibility>
			<Point>
				<extrude>1</extrude>
				<coordinates>-77.66889999999999,42.8214,0</coordinates>
			</Point>
		</Placemark>
		<Placemark>
			<name>158</name>
			<visibility>0</visibility>
			<Point>
				<extrude>1</extrude>
				<coordinates>-77.65689999999999,42.8167,0</coordinates>
			</Point>
		</Placemark>
		<Placemark>
			<name>159</name>
			<visibility>0</visibility>
			<Point>
				<extrude>1</extrude>
				<coordinates>-77.6117,42.9047,0</coordinates>
			</Point>
		</Placemark>
		<Placemark>
			<name>160</name>
			<visibility>0</visibility>
			<Point>
				<extrude>1</extrude>
				<coordinates>-77.5508,43.1475,0</coordinates>
			</Point>
		</Placemark>
		<Placemark>
			<name>161</name>
			<visibility>0</visibility>
			<Point>
				<extrude>1</extrude>
				<coordinates>-77.5153,43.0906,0</coordinates>
			</Point>
		</Placemark>
		<Placemark>
			<name>162</name>
			<visibility>0</visibility>
			<Point>
				<extrude>1</extrude>
				<coordinates>-77.61579999999999,43.1547,0</coordinates>
			</Point>
		</Placemark>
		<Placemark>
			<name>163</name>
			<visibility>0</visibility>
			<Point>
				<extrude>1</extrude>
				<coordinates>-77.4744,43.0594,0</coordinates>
			</Point>
		</Placemark>
		<Placemark>
			<name>164</name>
			<visibility>0</visibility>
			<Point>
				<extrude>1</extrude>
				<coordinates>-77.58329999999999,43.2083,0</coordinates>
			</Point>
		</Placemark>
		<Placemark>
			<name>165</name>
			<visibility>0</visibility>
			<Point>
				<extrude>1</extrude>
				<coordinates>-77.65000000000001,43.1667,0</coordinates>
			</Point>
		</Placemark>
		<Placemark>
			<name>166</name>
			<visibility>0</visibility>
			<Point>
				<extrude>1</extrude>
				<coordinates>-77.9425,43.0853,0</coordinates>
			</Point>
		</Placemark>
		<Placemark>
			<name>167</name>
			<visibility>0</visibility>
			<Point>
				<extrude>1</extrude>
				<coordinates>-78.1336,42.9039,0</coordinates>
			</Point>
		</Placemark>
		<Placemark>
			<name>168</name>
			<visibility>0</visibility>
			<Point>
				<extrude>1</extrude>
				<coordinates>-78.3892,43.3267,0</coordinates>
			</Point>
		</Placemark>
		<Placemark>
			<name>169</name>
			<visibility>0</visibility>
			<Point>
				<extrude>1</extrude>
				<coordinates>-78.1939,43.2464,0</coordinates>
			</Point>
		</Placemark>
		<Placemark>
			<name>170</name>
			<visibility>0</visibility>
			<Point>
				<extrude>1</extrude>
				<coordinates>-78.71250000000001,43.3333,0</coordinates>
			</Point>
		</Placemark>
		<Placemark>
			<name>171</name>
			<visibility>0</visibility>
			<Point>
				<extrude>1</extrude>
				<coordinates>-78.715,43.3378,0</coordinates>
			</Point>
		</Placemark>
		<Placemark>
			<name>172</name>
			<visibility>0</visibility>
			<Point>
				<extrude>1</extrude>
				<coordinates>-78.59220000000001,42.9767,0</coordinates>
			</Point>
		</Placemark>
		<Placemark>
			<name>173</name>
			<visibility>0</visibility>
			<Point>
				<extrude>1</extrude>
				<coordinates>-78.8972,42.6522,0</coordinates>
			</Point>
		</Placemark>
		<Placemark>
			<name>174</name>
			<visibility>0</visibility>
			<Point>
				<extrude>1</extrude>
				<coordinates>-78.87860000000001,42.8864,0</coordinates>
			</Point>
		</Placemark>
		<Placemark>
			<name>175</name>
			<visibility>0</visibility>
			<Point>
				<extrude>1</extrude>
				<coordinates>-78.74420000000001,42.7675,0</coordinates>
			</Point>
		</Placemark>
		<Placemark>
			<name>176</name>
			<visibility>0</visibility>
			<Point>
				<extrude>1</extrude>
				<coordinates>-78.6083,42.2008,0</coordinates>
			</Point>
		</Placemark>
		<Placemark>
			<name>177</name>
			<visibility>0</visibility>
			<Point>
				<extrude>1</extrude>
				<coordinates>-78.9756,42.1619,0</coordinates>
			</Point>
		</Placemark>
		<Placemark>
			<name>178</name>
			<visibility>0</visibility>
			<Point>
				<extrude>1</extrude>
				<coordinates>-78.7539,42.215,0</coordinates>
			</Point>
		</Placemark>
		<Placemark>
			<name>179</name>
			<visibility>0</visibility>
			<Point>
				<extrude>1</extrude>
				<coordinates>-78.7153,42.1578,0</coordinates>
			</Point>
		</Placemark>
		<Placemark>
			<name>180</name>
			<visibility>0</visibility>
			<Point>
				<extrude>1</extrude>
				<coordinates>-79.5783,42.3222,0</coordinates>
			</Point>
		</Placemark>
		<Placemark>
			<name>181</name>
			<visibility>0</visibility>
			<Point>
				<extrude>1</extrude>
				<coordinates>-79.5694,42.3028,0</coordinates>
			</Point>
		</Placemark>
		<Placemark>
			<name>182</name>
			<visibility>0</visibility>
			<Point>
				<extrude>1</extrude>
				<coordinates>-79.5958,42.3333,0</coordinates>
			</Point>
		</Placemark>
		<Placemark>
			<name>183</name>
			<visibility>0</visibility>
			<Point>
				<extrude>1</extrude>
				<coordinates>-74.8533,39.1414,0</coordinates>
			</Point>
		</Placemark>
		<Placemark>
			<name>184</name>
			<visibility>0</visibility>
			<Point>
				<extrude>1</extrude>
				<coordinates>-74.6367,39.2767,0</coordinates>
			</Point>
		</Placemark>
		<Placemark>
			<name>185</name>
			<visibility>0</visibility>
			<Point>
				<extrude>1</extrude>
				<coordinates>-75.0356,39.2458,0</coordinates>
			</Point>
		</Placemark>
		<Placemark>
			<name>186</name>
			<visibility>0</visibility>
			<Point>
				<extrude>1</extrude>
				<coordinates>-74.9936,39.2858,0</coordinates>
			</Point>
		</Placemark>
		<Placemark>
			<name>187</name>
			<visibility>0</visibility>
			<Point>
				<extrude>1</extrude>
				<coordinates>-75.3917,39.5167,0</coordinates>
			</Point>
		</Placemark>
		<Placemark>
			<name>188</name>
			<visibility>0</visibility>
			<Point>
				<extrude>1</extrude>
				<coordinates>-75.4622,39.5053,0</coordinates>
			</Point>
		</Placemark>
		<Placemark>
			<name>189</name>
			<visibility>0</visibility>
			<Point>
				<extrude>1</extrude>
				<coordinates>-75.1447,39.7664,0</coordinates>
			</Point>
		</Placemark>
		<Placemark>
			<name>190</name>
			<visibility>0</visibility>
			<Point>
				<extrude>1</extrude>
				<coordinates>-75.3125,39.75,0</coordinates>
			</Point>
		</Placemark>
		<Placemark>
			<name>191</name>
			<visibility>0</visibility>
			<Point>
				<extrude>1</extrude>
				<coordinates>-74.9697,39.7172,0</coordinates>
			</Point>
		</Placemark>
		<Placemark>
			<name>192</name>
			<visibility>0</visibility>
			<Point>
				<extrude>1</extrude>
				<coordinates>-74.9011,39.7153,0</coordinates>
			</Point>
		</Placemark>
		<Placemark>
			<name>193</name>
			<visibility>0</visibility>
			<Point>
				<extrude>1</extrude>
				<coordinates>-74.48609999999999,39.5206,0</coordinates>
			</Point>
		</Placemark>
		<Placemark>
			<name>194</name>
			<visibility>0</visibility>
			<Point>
				<extrude>1</extrude>
				<coordinates>-74.5947,39.3342,0</coordinates>
			</Point>
		</Placemark>
		<Placemark>
			<name>195</name>
			<visibility>0</visibility>
			<Point>
				<extrude>1</extrude>
				<coordinates>-74.60469999999999,39.8261,0</coordinates>
			</Point>
		</Placemark>
		<Placemark>
			<name>196</name>
			<visibility>0</visibility>
			<Point>
				<extrude>1</extrude>
				<coordinates>-74.8672,40.0106,0</coordinates>
			</Point>
		</Placemark>
		<Placemark>
			<name>197</name>
			<visibility>0</visibility>
			<Point>
				<extrude>1</extrude>
				<coordinates>-74.3708,39.7464,0</coordinates>
			</Point>
		</Placemark>
		<Placemark>
			<name>198</name>
			<visibility>0</visibility>
			<Point>
				<extrude>1</extrude>
				<coordinates>-74.22329999999999,39.7531,0</coordinates>
			</Point>
		</Placemark>
		<Placemark>
			<name>199</name>
			<visibility>0</visibility>
			<Point>
				<extrude>1</extrude>
				<coordinates>-74.3586,40.2972,0</coordinates>
			</Point>
		</Placemark>
		<Placemark>
			<name>200</name>
			<visibility>0</visibility>
			<Point>
				<extrude>1</extrude>
				<coordinates>-74.3347,40.2794,0</coordinates>
			</Point>
		</Placemark>
		<Placemark>
			<name>201</name>
			<visibility>0</visibility>
			<Point>
				<extrude>1</extrude>
				<coordinates>-74.2658,40.5067,0</coordinates>
			</Point>
		</Placemark>
		<Placemark>
			<name>202</name>
			<visibility>0</visibility>
			<Point>
				<extrude>1</extrude>
				<coordinates>-74.4714,40.3239,0</coordinates>
			</Point>
		</Placemark>
		<Placemark>
			<name>203</name>
			<visibility>0</visibility>
			<Point>
				<extrude>1</extrude>
				<coordinates>-74.5142,40.3161,0</coordinates>
			</Point>
		</Placemark>
		<Placemark>
			<name>204</name>
			<visibility>0</visibility>
			<Point>
				<extrude>1</extrude>
				<coordinates>-74.4522,40.4861,0</coordinates>
			</Point>
		</Placemark>
		<Placemark>
			<name>205</name>
			<visibility>0</visibility>
			<Point>
				<extrude>1</extrude>
				<coordinates>-74.76220000000001,40.3892,0</coordinates>
			</Point>
		</Placemark>
		<Placemark>
			<name>206</name>
			<visibility>0</visibility>
			<Point>
				<extrude>1</extrude>
				<coordinates>-74.7433,40.2169,0</coordinates>
			</Point>
		</Placemark>
		<Placemark>
			<name>207</name>
			<visibility>0</visibility>
			<Point>
				<extrude>1</extrude>
				<coordinates>-74.7222,40.3381,0</coordinates>
			</Point>
		</Placemark>
		<Placemark>
			<name>208</name>
			<visibility>0</visibility>
			<Point>
				<extrude>1</extrude>
				<coordinates>-74.73050000000001,40.5081,0</coordinates>
			</Point>
		</Placemark>
		<Placemark>
			<name>209</name>
			<visibility>0</visibility>
			<Point>
				<extrude>1</extrude>
				<coordinates>-74.6103,40.5742,0</coordinates>
			</Point>
		</Placemark>
		<Placemark>
			<name>210</name>
			<visibility>0</visibility>
			<Point>
				<extrude>1</extrude>
				<coordinates>-74.8342,40.3986,0</coordinates>
			</Point>
		</Placemark>
		<Placemark>
			<name>211</name>
			<visibility>0</visibility>
			<Point>
				<extrude>1</extrude>
				<coordinates>-74.8639,40.475,0</coordinates>
			</Point>
		</Placemark>
		<Placemark>
			<name>212</name>
			<visibility>0</visibility>
			<Point>
				<extrude>1</extrude>
				<coordinates>-74.96080000000001,40.9828,0</coordinates>
			</Point>
		</Placemark>
		<Placemark>
			<name>213</name>
			<visibility>0</visibility>
			<Point>
				<extrude>1</extrude>
				<coordinates>-74.88939999999999,40.8686,0</coordinates>
			</Point>
		</Placemark>
		<Placemark>
			<name>214</name>
			<visibility>0</visibility>
			<Point>
				<extrude>1</extrude>
				<coordinates>-74.7531,41.0581,0</coordinates>
			</Point>
		</Placemark>
		<Placemark>
			<name>215</name>
			<visibility>0</visibility>
			<Point>
				<extrude>1</extrude>
				<coordinates>-74.7022,41.1406,0</coordinates>
			</Point>
		</Placemark>
		<Placemark>
			<name>216</name>
			<visibility>0</visibility>
			<Point>
				<extrude>1</extrude>
				<coordinates>-74.36750000000001,41.0017,0</coordinates>
			</Point>
		</Placemark>
		<Placemark>
			<name>217</name>
			<visibility>0</visibility>
			<Point>
				<extrude>1</extrude>
				<coordinates>-74.3458,40.9219,0</coordinates>
			</Point>
		</Placemark>
		<Placemark>
			<name>218</name>
			<visibility>0</visibility>
			<Point>
				<extrude>1</extrude>
				<coordinates>-74.2636,40.6975,0</coordinates>
			</Point>
		</Placemark>
		<Placemark>
			<name>219</name>
			<visibility>0</visibility>
			<Point>
				<extrude>1</extrude>
				<coordinates>-74.2111,40.6639,0</coordinates>
			</Point>
		</Placemark>
		<Placemark>
			<name>220</name>
			<visibility>0</visibility>
			<Point>
				<extrude>1</extrude>
				<coordinates>-74.16030000000001,40.8222,0</coordinates>
			</Point>
		</Placemark>
		<Placemark>
			<name>221</name>
			<visibility>0</visibility>
			<Point>
				<extrude>1</extrude>
				<coordinates>-74.16970000000001,40.8333,0</coordinates>
			</Point>
		</Placemark>
		<Placemark>
			<name>222</name>
			<visibility>0</visibility>
			<Point>
				<extrude>1</extrude>
				<coordinates>-74.1728,40.7356,0</coordinates>
			</Point>
		</Placemark>
		<Placemark>
			<name>223</name>
			<visibility>0</visibility>
			<Point>
				<extrude>1</extrude>
				<coordinates>-74.23309999999999,40.7706,0</coordinates>
			</Point>
		</Placemark>
		<Placemark>
			<name>224</name>
			<visibility>0</visibility>
			<Point>
				<extrude>1</extrude>
				<coordinates>-74.0639,40.7267,0</coordinates>
			</Point>
		</Placemark>
		<Placemark>
			<name>225</name>
			<visibility>0</visibility>
			<Point>
				<extrude>1</extrude>
				<coordinates>-74.07810000000001,40.7281,0</coordinates>
			</Point>
		</Placemark>
		<Placemark>
			<name>226</name>
			<visibility>0</visibility>
			<Point>
				<extrude>1</extrude>
				<coordinates>-74.0411,41.0375,0</coordinates>
			</Point>
		</Placemark>
		<Placemark>
			<name>227</name>
			<visibility>0</visibility>
			<Point>
				<extrude>1</extrude>
				<coordinates>-74.0372,40.9586,0</coordinates>
			</Point>
		</Placemark>
		<Placemark>
			<name>228</name>
			<visibility>0</visibility>
			<Point>
				<extrude>1</extrude>
				<coordinates>-74.2769,40.9253,0</coordinates>
			</Point>
		</Placemark>
		<Placemark>
			<name>229</name>
			<visibility>0</visibility>
			<Point>
				<extrude>1</extrude>
				<coordinates>-74.1722,40.9167,0</coordinates>
			</Point>
		</Placemark>
		<Placemark>
			<name>230</name>
			<visibility>0</visibility>
			<Point>
				<extrude>1</extrude>
				<coordinates>-75.1322,39.9858,0</coordinates>
			</Point>
		</Placemark>
		<Placemark>
			<name>231</name>
			<visibility>0</visibility>
			<Point>
				<extrude>1</extrude>
				<coordinates>-75.04170000000001,40.0417,0</coordinates>
			</Point>
		</Placemark>
		<Placemark>
			<name>232</name>
			<visibility>0</visibility>
			<Point>
				<extrude>1</extrude>
				<coordinates>-75.0853,40.0281,0</coordinates>
			</Point>
		</Placemark>
		<Placemark>
			<name>233</name>
			<visibility>0</visibility>
			<Point>
				<extrude>1</extrude>
				<coordinates>-75.20829999999999,39.9667,0</coordinates>
			</Point>
		</Placemark>
		<Placemark>
			<name>234</name>
			<visibility>0</visibility>
			<Point>
				<extrude>1</extrude>
				<coordinates>-75.16419999999999,39.9522,0</coordinates>
			</Point>
		</Placemark>
		<Placemark>
			<name>235</name>
			<visibility>0</visibility>
			<Point>
				<extrude>1</extrude>
				<coordinates>-75.1806,40.0433,0</coordinates>
			</Point>
		</Placemark>
		<Placemark>
			<name>236</name>
			<visibility>0</visibility>
			<Point>
				<extrude>1</extrude>
				<coordinates>-75.16670000000001,39.9167,0</coordinates>
			</Point>
		</Placemark>
		<Placemark>
			<name>237</name>
			<visibility>0</visibility>
			<Point>
				<extrude>1</extrude>
				<coordinates>-75.1803,40.0431,0</coordinates>
			</Point>
		</Placemark>
		<Placemark>
			<name>238</name>
			<visibility>0</visibility>
			<Point>
				<extrude>1</extrude>
				<coordinates>-74.9517,40.3642,0</coordinates>
			</Point>
		</Placemark>
		<Placemark>
			<name>239</name>
			<visibility>0</visibility>
			<Point>
				<extrude>1</extrude>
				<coordinates>-75.00360000000001,40.3514,0</coordinates>
			</Point>
		</Placemark>
		<Placemark>
			<name>240</name>
			<visibility>0</visibility>
			<Point>
				<extrude>1</extrude>
				<coordinates>-75.40219999999999,40.1497,0</coordinates>
			</Point>
		</Placemark>
		<Placemark>
			<name>241</name>
			<visibility>0</visibility>
			<Point>
				<extrude>1</extrude>
				<coordinates>-75.2242,40.1686,0</coordinates>
			</Point>
		</Placemark>
		<Placemark>
			<name>242</name>
			<visibility>0</visibility>
			<Point>
				<extrude>1</extrude>
				<coordinates>-75.2281,40.1853,0</coordinates>
			</Point>
		</Placemark>
		<Placemark>
			<name>243</name>
			<visibility>0</visibility>
			<Point>
				<extrude>1</extrude>
				<coordinates>-75.4939,39.8397,0</coordinates>
			</Point>
		</Placemark>
		<Placemark>
			<name>244</name>
			<visibility>0</visibility>
			<Point>
				<extrude>1</extrude>
				<coordinates>-75.3561,39.8494,0</coordinates>
			</Point>
		</Placemark>
		<Placemark>
			<name>245</name>
			<visibility>0</visibility>
			<Point>
				<extrude>1</extrude>
				<coordinates>-75.6906,40.0772,0</coordinates>
			</Point>
		</Placemark>
		<Placemark>
			<name>246</name>
			<visibility>0</visibility>
			<Point>
				<extrude>1</extrude>
				<coordinates>-75.6806,39.9497,0</coordinates>
			</Point>
		</Placemark>
		<Placemark>
			<name>247</name>
			<visibility>0</visibility>
			<Point>
				<extrude>1</extrude>
				<coordinates>-75.6867,40.075,0</coordinates>
			</Point>
		</Placemark>
		<Placemark>
			<name>248</name>
			<visibility>0</visibility>
			<Point>
				<extrude>1</extrude>
				<coordinates>-75.92189999999999,39.8917,0</coordinates>
			</Point>
		</Placemark>
		<Placemark>
			<name>249</name>
			<visibility>0</visibility>
			<Point>
				<extrude>1</extrude>
				<coordinates>-75.8758,39.7825,0</coordinates>
			</Point>
		</Placemark>
		<Placemark>
			<name>250</name>
			<visibility>0</visibility>
			<Point>
				<extrude>1</extrude>
				<coordinates>-76.29170000000001,40.4744,0</coordinates>
			</Point>
		</Placemark>
		<Placemark>
			<name>251</name>
			<visibility>0</visibility>
			<Point>
				<extrude>1</extrude>
				<coordinates>-75.9272,40.3356,0</coordinates>
			</Point>
		</Placemark>
		<Placemark>
			<name>252</name>
			<visibility>0</visibility>
			<Point>
				<extrude>1</extrude>
				<coordinates>-75.98220000000001,40.5556,0</coordinates>
			</Point>
		</Placemark>
		<Placemark>
			<name>253</name>
			<visibility>0</visibility>
			<Point>
				<extrude>1</extrude>
				<coordinates>-75.95829999999999,40.3444,0</coordinates>
			</Point>
		</Placemark>
		<Placemark>
			<name>254</name>
			<visibility>0</visibility>
			<Point>
				<extrude>1</extrude>
				<coordinates>-76.2261,39.7508,0</coordinates>
			</Point>
		</Placemark>
		<Placemark>
			<name>255</name>
			<visibility>0</visibility>
			<Point>
				<extrude>1</extrude>
				<coordinates>-76.2161,39.8228,0</coordinates>
			</Point>
		</Placemark>
		<Placemark>
			<name>256</name>
			<visibility>0</visibility>
			<Point>
				<extrude>1</extrude>
				<coordinates>-76.1481,40.1311,0</coordinates>
			</Point>
		</Placemark>
		<Placemark>
			<name>257</name>
			<visibility>0</visibility>
			<Point>
				<extrude>1</extrude>
				<coordinates>-76.3058,40.0378,0</coordinates>
			</Point>
		</Placemark>
		<Placemark>
			<name>258</name>
			<visibility>0</visibility>
			<Point>
				<extrude>1</extrude>
				<coordinates>-76.2897,39.7392,0</coordinates>
			</Point>
		</Placemark>
		<Placemark>
			<name>259</name>
			<visibility>0</visibility>
			<Point>
				<extrude>1</extrude>
				<coordinates>-76.32689999999999,39.7269,0</coordinates>
			</Point>
		</Placemark>
		<Placemark>
			<name>260</name>
			<visibility>0</visibility>
			<Point>
				<extrude>1</extrude>
				<coordinates>-76.9833,39.8006,0</coordinates>
			</Point>
		</Placemark>
		<Placemark>
			<name>261</name>
			<visibility>0</visibility>
			<Point>
				<extrude>1</extrude>
				<coordinates>-76.7281,39.9625,0</coordinates>
			</Point>
		</Placemark>
		<Placemark>
			<name>262</name>
			<visibility>0</visibility>
			<Point>
				<extrude>1</extrude>
				<coordinates>-76.715,40.3522,0</coordinates>
			</Point>
		</Placemark>
		<Placemark>
			<name>263</name>
			<visibility>0</visibility>
			<Point>
				<extrude>1</extrude>
				<coordinates>-76.7894,40.3339,0</coordinates>
			</Point>
		</Placemark>
		<Placemark>
			<name>264</name>
			<visibility>0</visibility>
			<Point>
				<extrude>1</extrude>
				<coordinates>-76.8847,40.2736,0</coordinates>
			</Point>
		</Placemark>
		<Placemark>
			<name>265</name>
			<visibility>0</visibility>
			<Point>
				<extrude>1</extrude>
				<coordinates>-76.4778,40.3692,0</coordinates>
			</Point>
		</Placemark>
		<Placemark>
			<name>266</name>
			<visibility>0</visibility>
			<Point>
				<extrude>1</extrude>
				<coordinates>-76.7714,41.1019,0</coordinates>
			</Point>
		</Placemark>
		<Placemark>
			<name>267</name>
			<visibility>0</visibility>
			<Point>
				<extrude>1</extrude>
				<coordinates>-76.7978,40.8917,0</coordinates>
			</Point>
		</Placemark>
		<Placemark>
			<name>268</name>
			<visibility>0</visibility>
			<Point>
				<extrude>1</extrude>
				<coordinates>-76.6319,41.1164,0</coordinates>
			</Point>
		</Placemark>
		<Placemark>
			<name>269</name>
			<visibility>0</visibility>
			<Point>
				<extrude>1</extrude>
				<coordinates>-76.6131,40.9633,0</coordinates>
			</Point>
		</Placemark>
		<Placemark>
			<name>270</name>
			<visibility>0</visibility>
			<Point>
				<extrude>1</extrude>
				<coordinates>-76.4147,41.0781,0</coordinates>
			</Point>
		</Placemark>
		<Placemark>
			<name>271</name>
			<visibility>0</visibility>
			<Point>
				<extrude>1</extrude>
				<coordinates>-76.4225,41.1333,0</coordinates>
			</Point>
		</Placemark>
		<Placemark>
			<name>272</name>
			<visibility>0</visibility>
			<Point>
				<extrude>1</extrude>
				<coordinates>-76.5394,40.6458,0</coordinates>
			</Point>
		</Placemark>
		<Placemark>
			<name>273</name>
			<visibility>0</visibility>
			<Point>
				<extrude>1</extrude>
				<coordinates>-76.34610000000001,40.7817,0</coordinates>
			</Point>
		</Placemark>
		<Placemark>
			<name>274</name>
			<visibility>0</visibility>
			<Point>
				<extrude>1</extrude>
				<coordinates>-76.5211,40.7094,0</coordinates>
			</Point>
		</Placemark>
		<Placemark>
			<name>275</name>
			<visibility>0</visibility>
			<Point>
				<extrude>1</extrude>
				<coordinates>-76.145,41.2822,0</coordinates>
			</Point>
		</Placemark>
		<Placemark>
			<name>276</name>
			<visibility>0</visibility>
			<Point>
				<extrude>1</extrude>
				<coordinates>-76.15949999999999,41.2289,0</coordinates>
			</Point>
		</Placemark>
		<Placemark>
			<name>277</name>
			<visibility>0</visibility>
			<Point>
				<extrude>1</extrude>
				<coordinates>-75.8972,41.2617,0</coordinates>
			</Point>
		</Placemark>
		<Placemark>
			<name>278</name>
			<visibility>0</visibility>
			<Point>
				<extrude>1</extrude>
				<coordinates>-75.5228,40.8328,0</coordinates>
			</Point>
		</Placemark>
		<Placemark>
			<name>279</name>
			<visibility>0</visibility>
			<Point>
				<extrude>1</extrude>
				<coordinates>-75.75,40.875,0</coordinates>
			</Point>
		</Placemark>
		<Placemark>
			<name>280</name>
			<visibility>0</visibility>
			<Point>
				<extrude>1</extrude>
				<coordinates>-75.7328,40.8758,0</coordinates>
			</Point>
		</Placemark>
		<Placemark>
			<name>281</name>
			<visibility>0</visibility>
			<Point>
				<extrude>1</extrude>
				<coordinates>-75.58920000000001,40.5922,0</coordinates>
			</Point>
		</Placemark>
		<Placemark>
			<name>282</name>
			<visibility>0</visibility>
			<Point>
				<extrude>1</extrude>
				<coordinates>-75.4667,40.6083,0</coordinates>
			</Point>
		</Placemark>
		<Placemark>
			<name>283</name>
			<visibility>0</visibility>
			<Point>
				<extrude>1</extrude>
				<coordinates>-75.11190000000001,40.9047,0</coordinates>
			</Point>
		</Placemark>
		<Placemark>
			<name>284</name>
			<visibility>0</visibility>
			<Point>
				<extrude>1</extrude>
				<coordinates>-75.22110000000001,40.6883,0</coordinates>
			</Point>
		</Placemark>
		<Placemark>
			<name>285</name>
			<visibility>0</visibility>
			<Point>
				<extrude>1</extrude>
				<coordinates>-75.12779999999999,41.0431,0</coordinates>
			</Point>
		</Placemark>
		<Placemark>
			<name>286</name>
			<visibility>0</visibility>
			<Point>
				<extrude>1</extrude>
				<coordinates>-75.2808,41.1539,0</coordinates>
			</Point>
		</Placemark>
		<Placemark>
			<name>287</name>
			<visibility>0</visibility>
			<Point>
				<extrude>1</extrude>
				<coordinates>-74.8717,41.22,0</coordinates>
			</Point>
		</Placemark>
		<Placemark>
			<name>288</name>
			<visibility>0</visibility>
			<Point>
				<extrude>1</extrude>
				<coordinates>-74.8028,41.3222,0</coordinates>
			</Point>
		</Placemark>
		<Placemark>
			<name>289</name>
			<visibility>0</visibility>
			<Point>
				<extrude>1</extrude>
				<coordinates>-75.39530000000001,41.9389,0</coordinates>
			</Point>
		</Placemark>
		<Placemark>
			<name>290</name>
			<visibility>0</visibility>
			<Point>
				<extrude>1</extrude>
				<coordinates>-75.2094,41.5936,0</coordinates>
			</Point>
		</Placemark>
		<Placemark>
			<name>291</name>
			<visibility>0</visibility>
			<Point>
				<extrude>1</extrude>
				<coordinates>-75.715,41.5981,0</coordinates>
			</Point>
		</Placemark>
		<Placemark>
			<name>292</name>
			<visibility>0</visibility>
			<Point>
				<extrude>1</extrude>
				<coordinates>-75.7139,41.5944,0</coordinates>
			</Point>
		</Placemark>
		<Placemark>
			<name>293</name>
			<visibility>0</visibility>
			<Point>
				<extrude>1</extrude>
				<coordinates>-75.70189999999999,41.7822,0</coordinates>
			</Point>
		</Placemark>
		<Placemark>
			<name>294</name>
			<visibility>0</visibility>
			<Point>
				<extrude>1</extrude>
				<coordinates>-75.7944,41.8522,0</coordinates>
			</Point>
		</Placemark>
		<Placemark>
			<name>295</name>
			<visibility>0</visibility>
			<Point>
				<extrude>1</extrude>
				<coordinates>-76.1442,41.5831,0</coordinates>
			</Point>
		</Placemark>
		<Placemark>
			<name>296</name>
			<visibility>0</visibility>
			<Point>
				<extrude>1</extrude>
				<coordinates>-76.0608,41.5633,0</coordinates>
			</Point>
		</Placemark>
		<Placemark>
			<name>297</name>
			<visibility>0</visibility>
			<Point>
				<extrude>1</extrude>
				<coordinates>-76.6078,41.5536,0</coordinates>
			</Point>
		</Placemark>
		<Placemark>
			<name>298</name>
			<visibility>0</visibility>
			<Point>
				<extrude>1</extrude>
				<coordinates>-76.6228,41.5106,0</coordinates>
			</Point>
		</Placemark>
		<Placemark>
			<name>299</name>
			<visibility>0</visibility>
			<Point>
				<extrude>1</extrude>
				<coordinates>-76.1811,41.9378,0</coordinates>
			</Point>
		</Placemark>
		<Placemark>
			<name>300</name>
			<visibility>0</visibility>
			<Point>
				<extrude>1</extrude>
				<coordinates>-76.235,41.7311,0</coordinates>
			</Point>
		</Placemark>
		<Placemark>
			<name>301</name>
			<visibility>0</visibility>
			<Point>
				<extrude>1</extrude>
				<coordinates>-77.175,41.7317,0</coordinates>
			</Point>
		</Placemark>
		<Placemark>
			<name>302</name>
			<visibility>0</visibility>
			<Point>
				<extrude>1</extrude>
				<coordinates>-77.2878,41.825,0</coordinates>
			</Point>
		</Placemark>
		<Placemark>
			<name>303</name>
			<visibility>0</visibility>
			<Point>
				<extrude>1</extrude>
				<coordinates>-76.7625,41.3133,0</coordinates>
			</Point>
		</Placemark>
		<Placemark>
			<name>304</name>
			<visibility>0</visibility>
			<Point>
				<extrude>1</extrude>
				<coordinates>-77.0014,41.2411,0</coordinates>
			</Point>
		</Placemark>
		<Placemark>
			<name>305</name>
			<visibility>0</visibility>
			<Point>
				<extrude>1</extrude>
				<coordinates>-77.307,41.0342,0</coordinates>
			</Point>
		</Placemark>
		<Placemark>
			<name>306</name>
			<visibility>0</visibility>
			<Point>
				<extrude>1</extrude>
				<coordinates>-77.46169999999999,41.0544,0</coordinates>
			</Point>
		</Placemark>
		<Placemark>
			<name>307</name>
			<visibility>0</visibility>
			<Point>
				<extrude>1</extrude>
				<coordinates>-77.8167,41.9444,0</coordinates>
			</Point>
		</Placemark>
		<Placemark>
			<name>308</name>
			<visibility>0</visibility>
			<Point>
				<extrude>1</extrude>
				<coordinates>-77.77079999999999,41.8522,0</coordinates>
			</Point>
		</Placemark>
		<Placemark>
			<name>309</name>
			<visibility>0</visibility>
			<Point>
				<extrude>1</extrude>
				<coordinates>-78.33329999999999,41.5417,0</coordinates>
			</Point>
		</Placemark>
		<Placemark>
			<name>310</name>
			<visibility>0</visibility>
			<Point>
				<extrude>1</extrude>
				<coordinates>-78.2353,41.5122,0</coordinates>
			</Point>
		</Placemark>
		<Placemark>
			<name>311</name>
			<visibility>0</visibility>
			<Point>
				<extrude>1</extrude>
				<coordinates>-77.78530000000001,40.9417,0</coordinates>
			</Point>
		</Placemark>
		<Placemark>
			<name>312</name>
			<visibility>0</visibility>
			<Point>
				<extrude>1</extrude>
				<coordinates>-77.8142,40.9347,0</coordinates>
			</Point>
		</Placemark>
		<Placemark>
			<name>313</name>
			<visibility>0</visibility>
			<Point>
				<extrude>1</extrude>
				<coordinates>-78.5528,40.355,0</coordinates>
			</Point>
		</Placemark>
		<Placemark>
			<name>314</name>
			<visibility>0</visibility>
			<Point>
				<extrude>1</extrude>
				<coordinates>-78.2389,40.6706,0</coordinates>
			</Point>
		</Placemark>
		<Placemark>
			<name>315</name>
			<visibility>0</visibility>
			<Point>
				<extrude>1</extrude>
				<coordinates>-77.7658,40.2336,0</coordinates>
			</Point>
		</Placemark>
		<Placemark>
			<name>316</name>
			<visibility>0</visibility>
			<Point>
				<extrude>1</extrude>
				<coordinates>-78.02719999999999,40.2931,0</coordinates>
			</Point>
		</Placemark>
		<Placemark>
			<name>317</name>
			<visibility>0</visibility>
			<Point>
				<extrude>1</extrude>
				<coordinates>-78.0106,40.4847,0</coordinates>
			</Point>
		</Placemark>
		<Placemark>
			<name>318</name>
			<visibility>0</visibility>
			<Point>
				<extrude>1</extrude>
				<coordinates>-77.72969999999999,40.4961,0</coordinates>
			</Point>
		</Placemark>
		<Placemark>
			<name>319</name>
			<visibility>0</visibility>
			<Point>
				<extrude>1</extrude>
				<coordinates>-77.7642,40.5111,0</coordinates>
			</Point>
		</Placemark>
		<Placemark>
			<name>320</name>
			<visibility>0</visibility>
			<Point>
				<extrude>1</extrude>
				<coordinates>-77.74169999999999,40.4992,0</coordinates>
			</Point>
		</Placemark>
		<Placemark>
			<name>321</name>
			<visibility>0</visibility>
			<Point>
				<extrude>1</extrude>
				<coordinates>-76.8986,41.1075,0</coordinates>
			</Point>
		</Placemark>
		<Placemark>
			<name>322</name>
			<visibility>0</visibility>
			<Point>
				<extrude>1</extrude>
				<coordinates>-76.875,41.0758,0</coordinates>
			</Point>
		</Placemark>
		<Placemark>
			<name>323</name>
			<visibility>0</visibility>
			<Point>
				<extrude>1</extrude>
				<coordinates>-77.2056,40.803,0</coordinates>
			</Point>
		</Placemark>
		<Placemark>
			<name>324</name>
			<visibility>0</visibility>
			<Point>
				<extrude>1</extrude>
				<coordinates>-76.89530000000001,40.6808,0</coordinates>
			</Point>
		</Placemark>
		<Placemark>
			<name>325</name>
			<visibility>0</visibility>
			<Point>
				<extrude>1</extrude>
				<coordinates>-77.14830000000001,40.8242,0</coordinates>
			</Point>
		</Placemark>
		<Placemark>
			<name>326</name>
			<visibility>0</visibility>
			<Point>
				<extrude>1</extrude>
				<coordinates>-77.4511,40.4772,0</coordinates>
			</Point>
		</Placemark>
		<Placemark>
			<name>327</name>
			<visibility>0</visibility>
			<Point>
				<extrude>1</extrude>
				<coordinates>-77.3972,40.5697,0</coordinates>
			</Point>
		</Placemark>
		<Placemark>
			<name>328</name>
			<visibility>0</visibility>
			<Point>
				<extrude>1</extrude>
				<coordinates>-77.3056,40.4561,0</coordinates>
			</Point>
		</Placemark>
		<Placemark>
			<name>329</name>
			<visibility>0</visibility>
			<Point>
				<extrude>1</extrude>
				<coordinates>-77.1867,40.4197,0</coordinates>
			</Point>
		</Placemark>
		<Placemark>
			<name>330</name>
			<visibility>0</visibility>
			<Point>
				<extrude>1</extrude>
				<coordinates>-77.55500000000001,40.1372,0</coordinates>
			</Point>
		</Placemark>
		<Placemark>
			<name>331</name>
			<visibility>0</visibility>
			<Point>
				<extrude>1</extrude>
				<coordinates>-77.3989,40.1731,0</coordinates>
			</Point>
		</Placemark>
		<Placemark>
			<name>332</name>
			<visibility>0</visibility>
			<Point>
				<extrude>1</extrude>
				<coordinates>-77.1606,39.8822,0</coordinates>
			</Point>
		</Placemark>
		<Placemark>
			<name>333</name>
			<visibility>0</visibility>
			<Point>
				<extrude>1</extrude>
				<coordinates>-77.3689,39.7872,0</coordinates>
			</Point>
		</Placemark>
		<Placemark>
			<name>334</name>
			<visibility>0</visibility>
			<Point>
				<extrude>1</extrude>
				<coordinates>-77.6614,39.9375,0</coordinates>
			</Point>
		</Placemark>
		<Placemark>
			<name>335</name>
			<visibility>0</visibility>
			<Point>
				<extrude>1</extrude>
				<coordinates>-77.66670000000001,39.9583,0</coordinates>
			</Point>
		</Placemark>
		<Placemark>
			<name>336</name>
			<visibility>0</visibility>
			<Point>
				<extrude>1</extrude>
				<coordinates>-78.2833,39.7664,0</coordinates>
			</Point>
		</Placemark>
		<Placemark>
			<name>337</name>
			<visibility>0</visibility>
			<Point>
				<extrude>1</extrude>
				<coordinates>-78.1878,39.7517,0</coordinates>
			</Point>
		</Placemark>
		<Placemark>
			<name>338</name>
			<visibility>0</visibility>
			<Point>
				<extrude>1</extrude>
				<coordinates>-78.38420000000001,39.9167,0</coordinates>
			</Point>
		</Placemark>
		<Placemark>
			<name>339</name>
			<visibility>0</visibility>
			<Point>
				<extrude>1</extrude>
				<coordinates>-78.36750000000001,39.9694,0</coordinates>
			</Point>
		</Placemark>
		<Placemark>
			<name>340</name>
			<visibility>0</visibility>
			<Point>
				<extrude>1</extrude>
				<coordinates>-79.3156,39.8561,0</coordinates>
			</Point>
		</Placemark>
		<Placemark>
			<name>341</name>
			<visibility>0</visibility>
			<Point>
				<extrude>1</extrude>
				<coordinates>-78.8486,40.0092,0</coordinates>
			</Point>
		</Placemark>
		<Placemark>
			<name>342</name>
			<visibility>0</visibility>
			<Point>
				<extrude>1</extrude>
				<coordinates>-79.49250000000001,39.8717,0</coordinates>
			</Point>
		</Placemark>
		<Placemark>
			<name>343</name>
			<visibility>0</visibility>
			<Point>
				<extrude>1</extrude>
				<coordinates>-79.65470000000001,40.0469,0</coordinates>
			</Point>
		</Placemark>
		<Placemark>
			<name>344</name>
			<visibility>0</visibility>
			<Point>
				<extrude>1</extrude>
				<coordinates>-80.4258,39.7597,0</coordinates>
			</Point>
		</Placemark>
		<Placemark>
			<name>345</name>
			<visibility>0</visibility>
			<Point>
				<extrude>1</extrude>
				<coordinates>-80.1794,39.8964,0</coordinates>
			</Point>
		</Placemark>
		<Placemark>
			<name>346</name>
			<visibility>0</visibility>
			<Point>
				<extrude>1</extrude>
				<coordinates>-80.4633,39.9931,0</coordinates>
			</Point>
		</Placemark>
		<Placemark>
			<name>347</name>
			<visibility>0</visibility>
			<Point>
				<extrude>1</extrude>
				<coordinates>-80.36060000000001,40.2264,0</coordinates>
			</Point>
		</Placemark>
		<Placemark>
			<name>348</name>
			<visibility>0</visibility>
			<Point>
				<extrude>1</extrude>
				<coordinates>-80.13330000000001,40.1817,0</coordinates>
			</Point>
		</Placemark>
		<Placemark>
			<name>349</name>
			<visibility>0</visibility>
			<Point>
				<extrude>1</extrude>
				<coordinates>-79.2389,40.1967,0</coordinates>
			</Point>
		</Placemark>
		<Placemark>
			<name>350</name>
			<visibility>0</visibility>
			<Point>
				<extrude>1</extrude>
				<coordinates>-79.32559999999999,40.1775,0</coordinates>
			</Point>
		</Placemark>
		<Placemark>
			<name>351</name>
			<visibility>0</visibility>
			<Point>
				<extrude>1</extrude>
				<coordinates>-79.9097,40.2653,0</coordinates>
			</Point>
		</Placemark>
		<Placemark>
			<name>352</name>
			<visibility>0</visibility>
			<Point>
				<extrude>1</extrude>
				<coordinates>-79.8644,40.3478,0</coordinates>
			</Point>
		</Placemark>
		<Placemark>
			<name>353</name>
			<visibility>0</visibility>
			<Point>
				<extrude>1</extrude>
				<coordinates>-79.89,40.2692,0</coordinates>
			</Point>
		</Placemark>
		<Placemark>
			<name>354</name>
			<visibility>0</visibility>
			<Point>
				<extrude>1</extrude>
				<coordinates>-79.8822,40.4417,0</coordinates>
			</Point>
		</Placemark>
		<Placemark>
			<name>355</name>
			<visibility>0</visibility>
			<Point>
				<extrude>1</extrude>
				<coordinates>-80.0458,40.4117,0</coordinates>
			</Point>
		</Placemark>
		<Placemark>
			<name>356</name>
			<visibility>0</visibility>
			<Point>
				<extrude>1</extrude>
				<coordinates>-80.47580000000001,40.7989,0</coordinates>
			</Point>
		</Placemark>
		<Placemark>
			<name>357</name>
			<visibility>0</visibility>
			<Point>
				<extrude>1</extrude>
				<coordinates>-80.4228,40.8094,0</coordinates>
			</Point>
		</Placemark>
		<Placemark>
			<name>358</name>
			<visibility>0</visibility>
			<Point>
				<extrude>1</extrude>
				<coordinates>-80.2317,40.9639,0</coordinates>
			</Point>
		</Placemark>
		<Placemark>
			<name>359</name>
			<visibility>0</visibility>
			<Point>
				<extrude>1</extrude>
				<coordinates>-80.26779999999999,40.9783,0</coordinates>
			</Point>
		</Placemark>
		<Placemark>
			<name>360</name>
			<visibility>0</visibility>
			<Point>
				<extrude>1</extrude>
				<coordinates>-79.8956,40.8611,0</coordinates>
			</Point>
		</Placemark>
		<Placemark>
			<name>361</name>
			<visibility>0</visibility>
			<Point>
				<extrude>1</extrude>
				<coordinates>-79.9667,40.7739,0</coordinates>
			</Point>
		</Placemark>
		<Placemark>
			<name>362</name>
			<visibility>0</visibility>
			<Point>
				<extrude>1</extrude>
				<coordinates>-80.22029999999999,41.1345,0</coordinates>
			</Point>
		</Placemark>
		<Placemark>
			<name>363</name>
			<visibility>0</visibility>
			<Point>
				<extrude>1</extrude>
				<coordinates>-80.23999999999999,41.2269,0</coordinates>
			</Point>
		</Placemark>
		<Placemark>
			<name>364</name>
			<visibility>0</visibility>
			<Point>
				<extrude>1</extrude>
				<coordinates>-79.9481,41.4778,0</coordinates>
			</Point>
		</Placemark>
		<Placemark>
			<name>365</name>
			<visibility>0</visibility>
			<Point>
				<extrude>1</extrude>
				<coordinates>-79.6478,41.275,0</coordinates>
			</Point>
		</Placemark>
		<Placemark>
			<name>366</name>
			<visibility>0</visibility>
			<Point>
				<extrude>1</extrude>
				<coordinates>-79.5033,41.0414,0</coordinates>
			</Point>
		</Placemark>
		<Placemark>
			<name>367</name>
			<visibility>0</visibility>
			<Point>
				<extrude>1</extrude>
				<coordinates>-79.6133,40.9858,0</coordinates>
			</Point>
		</Placemark>
		<Placemark>
			<name>368</name>
			<visibility>0</visibility>
			<Point>
				<extrude>1</extrude>
				<coordinates>-79.4556,40.6861,0</coordinates>
			</Point>
		</Placemark>
		<Placemark>
			<name>369</name>
			<visibility>0</visibility>
			<Point>
				<extrude>1</extrude>
				<coordinates>-79.53,40.7722,0</coordinates>
			</Point>
		</Placemark>
		<Placemark>
			<name>370</name>
			<visibility>0</visibility>
			<Point>
				<extrude>1</extrude>
				<coordinates>-78.9633,41.0014,0</coordinates>
			</Point>
		</Placemark>
		<Placemark>
			<name>371</name>
			<visibility>0</visibility>
			<Point>
				<extrude>1</extrude>
				<coordinates>-79.18689999999999,41.1161,0</coordinates>
			</Point>
		</Placemark>
		<Placemark>
			<name>372</name>
			<visibility>0</visibility>
			<Point>
				<extrude>1</extrude>
				<coordinates>-79.2428,40.5969,0</coordinates>
			</Point>
		</Placemark>
		<Placemark>
			<name>373</name>
			<visibility>0</visibility>
			<Point>
				<extrude>1</extrude>
				<coordinates>-79.28189999999999,40.5408,0</coordinates>
			</Point>
		</Placemark>
		<Placemark>
			<name>374</name>
			<visibility>0</visibility>
			<Point>
				<extrude>1</extrude>
				<coordinates>-78.7608,40.3781,0</coordinates>
			</Point>
		</Placemark>
		<Placemark>
			<name>375</name>
			<visibility>0</visibility>
			<Point>
				<extrude>1</extrude>
				<coordinates>-78.72499999999999,40.485,0</coordinates>
			</Point>
		</Placemark>
		<Placemark>
			<name>376</name>
			<visibility>0</visibility>
			<Point>
				<extrude>1</extrude>
				<coordinates>-78.23220000000001,41.0344,0</coordinates>
			</Point>
		</Placemark>
		<Placemark>
			<name>377</name>
			<visibility>0</visibility>
			<Point>
				<extrude>1</extrude>
				<coordinates>-78.7419,41.072,0</coordinates>
			</Point>
		</Placemark>
		<Placemark>
			<name>378</name>
			<visibility>0</visibility>
			<Point>
				<extrude>1</extrude>
				<coordinates>-78.3867,41.3167,0</coordinates>
			</Point>
		</Placemark>
		<Placemark>
			<name>379</name>
			<visibility>0</visibility>
			<Point>
				<extrude>1</extrude>
				<coordinates>-78.5964,41.3622,0</coordinates>
			</Point>
		</Placemark>
		<Placemark>
			<name>380</name>
			<visibility>0</visibility>
			<Point>
				<extrude>1</extrude>
				<coordinates>-78.19110000000001,41.9636,0</coordinates>
			</Point>
		</Placemark>
		<Placemark>
			<name>381</name>
			<visibility>0</visibility>
			<Point>
				<extrude>1</extrude>
				<coordinates>-78.40389999999999,41.9567,0</coordinates>
			</Point>
		</Placemark>
		<Placemark>
			<name>382</name>
			<visibility>0</visibility>
			<Point>
				<extrude>1</extrude>
				<coordinates>-79.14530000000001,41.8439,0</coordinates>
			</Point>
		</Placemark>
		<Placemark>
			<name>383</name>
			<visibility>0</visibility>
			<Point>
				<extrude>1</extrude>
				<coordinates>-79.4658,41.7792,0</coordinates>
			</Point>
		</Placemark>
		<Placemark>
			<name>384</name>
			<visibility>0</visibility>
			<Point>
				<extrude>1</extrude>
				<coordinates>-80.3056,41.6033,0</coordinates>
			</Point>
		</Placemark>
		<Placemark>
			<name>385</name>
			<visibility>0</visibility>
			<Point>
				<extrude>1</extrude>
				<coordinates>-80.4242,41.6561,0</coordinates>
			</Point>
		</Placemark>
		<Placemark>
			<name>386</name>
			<visibility>0</visibility>
			<Point>
				<extrude>1</extrude>
				<coordinates>-79.8642,41.9828,0</coordinates>
			</Point>
		</Placemark>
		<Placemark>
			<name>387</name>
			<visibility>0</visibility>
			<Point>
				<extrude>1</extrude>
				<coordinates>-79.8111,42.0036,0</coordinates>
			</Point>
		</Placemark>
		<Placemark>
			<name>388</name>
			<visibility>0</visibility>
			<Point>
				<extrude>1</extrude>
				<coordinates>-77.8044,39.43,0</coordinates>
			</Point>
		</Placemark>
		<Placemark>
			<name>389</name>
			<visibility>0</visibility>
			<Point>
				<extrude>1</extrude>
				<coordinates>-77.995,39.5533,0</coordinates>
			</Point>
		</Placemark>
		<Placemark>
			<name>390</name>
			<visibility>0</visibility>
			<Point>
				<extrude>1</extrude>
				<coordinates>-78.22750000000001,39.627,0</coordinates>
			</Point>
		</Placemark>
		<Placemark>
			<name>391</name>
			<visibility>0</visibility>
			<Point>
				<extrude>1</extrude>
				<coordinates>-78.6383,39.295,0</coordinates>
			</Point>
		</Placemark>
		<Placemark>
			<name>392</name>
			<visibility>0</visibility>
			<Point>
				<extrude>1</extrude>
				<coordinates>-78.7569,39.3419,0</coordinates>
			</Point>
		</Placemark>
		<Placemark>
			<name>393</name>
			<visibility>0</visibility>
			<Point>
				<extrude>1</extrude>
				<coordinates>-78.9183,39.3375,0</coordinates>
			</Point>
		</Placemark>
		<Placemark>
			<name>394</name>
			<visibility>0</visibility>
			<Point>
				<extrude>1</extrude>
				<coordinates>-79.25449999999999,39.0306,0</coordinates>
			</Point>
		</Placemark>
		<Placemark>
			<name>395</name>
			<visibility>0</visibility>
			<Point>
				<extrude>1</extrude>
				<coordinates>-79.1242,38.9925,0</coordinates>
			</Point>
		</Placemark>
		<Placemark>
			<name>396</name>
			<visibility>0</visibility>
			<Point>
				<extrude>1</extrude>
				<coordinates>-79.0994,38.8139,0</coordinates>
			</Point>
		</Placemark>
		<Placemark>
			<name>397</name>
			<visibility>0</visibility>
			<Point>
				<extrude>1</extrude>
				<coordinates>-79.245,38.6247,0</coordinates>
			</Point>
		</Placemark>
		<Placemark>
			<name>398</name>
			<visibility>0</visibility>
			<Point>
				<extrude>1</extrude>
				<coordinates>-79.3764,38.8361,0</coordinates>
			</Point>
		</Placemark>
		<Placemark>
			<name>399</name>
			<visibility>0</visibility>
			<Point>
				<extrude>1</extrude>
				<coordinates>-79.4933,38.67,0</coordinates>
			</Point>
		</Placemark>
		<Placemark>
			<name>400</name>
			<visibility>0</visibility>
			<Point>
				<extrude>1</extrude>
				<coordinates>-79.8531,39.3883,0</coordinates>
			</Point>
		</Placemark>
		<Placemark>
			<name>401</name>
			<visibility>0</visibility>
			<Point>
				<extrude>1</extrude>
				<coordinates>-79.5633,39.5933,0</coordinates>
			</Point>
		</Placemark>
		<Placemark>
			<name>402</name>
			<visibility>0</visibility>
			<Point>
				<extrude>1</extrude>
				<coordinates>-80.2122,39.72,0</coordinates>
			</Point>
		</Placemark>
		<Placemark>
			<name>403</name>
			<visibility>0</visibility>
			<Point>
				<extrude>1</extrude>
				<coordinates>-79.95610000000001,39.6294,0</coordinates>
			</Point>
		</Placemark>
		<Placemark>
			<name>404</name>
			<visibility>0</visibility>
			<Point>
				<extrude>1</extrude>
				<coordinates>-79.97499999999999,39.6167,0</coordinates>
			</Point>
		</Placemark>
		<Placemark>
			<name>405</name>
			<visibility>0</visibility>
			<Point>
				<extrude>1</extrude>
				<coordinates>-80.3417,39.5283,0</coordinates>
			</Point>
		</Placemark>
		<Placemark>
			<name>406</name>
			<visibility>0</visibility>
			<Point>
				<extrude>1</extrude>
				<coordinates>-80.2492,39.5128,0</coordinates>
			</Point>
		</Placemark>
		<Placemark>
			<name>407</name>
			<visibility>0</visibility>
			<Point>
				<extrude>1</extrude>
				<coordinates>-80.3964,39.2925,0</coordinates>
			</Point>
		</Placemark>
		<Placemark>
			<name>408</name>
			<visibility>0</visibility>
			<Point>
				<extrude>1</extrude>
				<coordinates>-80.35169999999999,39.16,0</coordinates>
			</Point>
		</Placemark>
		<Placemark>
			<name>409</name>
			<visibility>0</visibility>
			<Point>
				<extrude>1</extrude>
				<coordinates>-80.1164,39.3236,0</coordinates>
			</Point>
		</Placemark>
		<Placemark>
			<name>410</name>
			<visibility>0</visibility>
			<Point>
				<extrude>1</extrude>
				<coordinates>-80.1583,39.3217,0</coordinates>
			</Point>
		</Placemark>
		<Placemark>
			<name>411</name>
			<visibility>0</visibility>
			<Point>
				<extrude>1</extrude>
				<coordinates>-79.9097,39.1181,0</coordinates>
			</Point>
		</Placemark>
		<Placemark>
			<name>412</name>
			<visibility>0</visibility>
			<Point>
				<extrude>1</extrude>
				<coordinates>-80.0433,39.1517,0</coordinates>
			</Point>
		</Placemark>
		<Placemark>
			<name>413</name>
			<visibility>0</visibility>
			<Point>
				<extrude>1</extrude>
				<coordinates>-79.7025,39.1667,0</coordinates>
			</Point>
		</Placemark>
		<Placemark>
			<name>414</name>
			<visibility>0</visibility>
			<Point>
				<extrude>1</extrude>
				<coordinates>-79.6811,39.0964,0</coordinates>
			</Point>
		</Placemark>
		<Placemark>
			<name>415</name>
			<visibility>0</visibility>
			<Point>
				<extrude>1</extrude>
				<coordinates>-79.6189,38.8933,0</coordinates>
			</Point>
		</Placemark>
		<Placemark>
			<name>416</name>
			<visibility>0</visibility>
			<Point>
				<extrude>1</extrude>
				<coordinates>-79.87560000000001,38.8406,0</coordinates>
			</Point>
		</Placemark>
		<Placemark>
			<name>417</name>
			<visibility>0</visibility>
			<Point>
				<extrude>1</extrude>
				<coordinates>-80.1369,38.8569,0</coordinates>
			</Point>
		</Placemark>
		<Placemark>
			<name>418</name>
			<visibility>0</visibility>
			<Point>
				<extrude>1</extrude>
				<coordinates>-80.2975,38.8856,0</coordinates>
			</Point>
		</Placemark>
		<Placemark>
			<name>419</name>
			<visibility>0</visibility>
			<Point>
				<extrude>1</extrude>
				<coordinates>-80.23,38.9917,0</coordinates>
			</Point>
		</Placemark>
		<Placemark>
			<name>420</name>
			<visibility>0</visibility>
			<Point>
				<extrude>1</extrude>
				<coordinates>-80.43689999999999,38.765,0</coordinates>
			</Point>
		</Placemark>
		<Placemark>
			<name>421</name>
			<visibility>0</visibility>
			<Point>
				<extrude>1</extrude>
				<coordinates>-80.4667,39.0383,0</coordinates>
			</Point>
		</Placemark>
		<Placemark>
			<name>422</name>
			<visibility>0</visibility>
			<Point>
				<extrude>1</extrude>
				<coordinates>-80.70699999999999,38.5789,0</coordinates>
			</Point>
		</Placemark>
		<Placemark>
			<name>423</name>
			<visibility>0</visibility>
			<Point>
				<extrude>1</extrude>
				<coordinates>-80.71169999999999,38.6633,0</coordinates>
			</Point>
		</Placemark>
		<Placemark>
			<name>424</name>
			<visibility>0</visibility>
			<Point>
				<extrude>1</extrude>
				<coordinates>-80.6533,38.3306,0</coordinates>
			</Point>
		</Placemark>
		<Placemark>
			<name>425</name>
			<visibility>0</visibility>
			<Point>
				<extrude>1</extrude>
				<coordinates>-80.8533,38.2767,0</coordinates>
			</Point>
		</Placemark>
		<Placemark>
			<name>426</name>
			<visibility>0</visibility>
			<Point>
				<extrude>1</extrude>
				<coordinates>-80.2967,38.4167,0</coordinates>
			</Point>
		</Placemark>
		<Placemark>
			<name>427</name>
			<visibility>0</visibility>
			<Point>
				<extrude>1</extrude>
				<coordinates>-80.46420000000001,38.7005,0</coordinates>
			</Point>
		</Placemark>
		<Placemark>
			<name>428</name>
			<visibility>0</visibility>
			<Point>
				<extrude>1</extrude>
				<coordinates>-80.0967,38.2233,0</coordinates>
			</Point>
		</Placemark>
		<Placemark>
			<name>429</name>
			<visibility>0</visibility>
			<Point>
				<extrude>1</extrude>
				<coordinates>-80.2133,38.1353,0</coordinates>
			</Point>
		</Placemark>
		<Placemark>
			<name>430</name>
			<visibility>0</visibility>
			<Point>
				<extrude>1</extrude>
				<coordinates>-80.6592,37.8786,0</coordinates>
			</Point>
		</Placemark>
		<Placemark>
			<name>431</name>
			<visibility>0</visibility>
			<Point>
				<extrude>1</extrude>
				<coordinates>-80.3633,38.0025,0</coordinates>
			</Point>
		</Placemark>
		<Placemark>
			<name>432</name>
			<visibility>0</visibility>
			<Point>
				<extrude>1</extrude>
				<coordinates>-80.3917,37.78,0</coordinates>
			</Point>
		</Placemark>
		<Placemark>
			<name>433</name>
			<visibility>0</visibility>
			<Point>
				<extrude>1</extrude>
				<coordinates>-80.5411,37.6642,0</coordinates>
			</Point>
		</Placemark>
		<Placemark>
			<name>434</name>
			<visibility>0</visibility>
			<Point>
				<extrude>1</extrude>
				<coordinates>-80.7581,37.6142,0</coordinates>
			</Point>
		</Placemark>
		<Placemark>
			<name>435</name>
			<visibility>0</visibility>
			<Point>
				<extrude>1</extrude>
				<coordinates>-80.72920000000001,37.6544,0</coordinates>
			</Point>
		</Placemark>
		<Placemark>
			<name>436</name>
			<visibility>0</visibility>
			<Point>
				<extrude>1</extrude>
				<coordinates>-81.34439999999999,37.9161,0</coordinates>
			</Point>
		</Placemark>
		<Placemark>
			<name>437</name>
			<visibility>0</visibility>
			<Point>
				<extrude>1</extrude>
				<coordinates>-81.318,37.7658,0</coordinates>
			</Point>
		</Placemark>
		<Placemark>
			<name>438</name>
			<visibility>0</visibility>
			<Point>
				<extrude>1</extrude>
				<coordinates>-80.8925,38.0764,0</coordinates>
			</Point>
		</Placemark>
		<Placemark>
			<name>439</name>
			<visibility>0</visibility>
			<Point>
				<extrude>1</extrude>
				<coordinates>-81.00579999999999,38.1172,0</coordinates>
			</Point>
		</Placemark>
		<Placemark>
			<name>440</name>
			<visibility>0</visibility>
			<Point>
				<extrude>1</extrude>
				<coordinates>-81.6956,37.987,0</coordinates>
			</Point>
		</Placemark>
		<Placemark>
			<name>441</name>
			<visibility>0</visibility>
			<Point>
				<extrude>1</extrude>
				<coordinates>-81.83580000000001,38.0314,0</coordinates>
			</Point>
		</Placemark>
		<Placemark>
			<name>442</name>
			<visibility>0</visibility>
			<Point>
				<extrude>1</extrude>
				<coordinates>-80.9314,37.3994,0</coordinates>
			</Point>
		</Placemark>
		<Placemark>
			<name>443</name>
			<visibility>0</visibility>
			<Point>
				<extrude>1</extrude>
				<coordinates>-81.0164,37.4222,0</coordinates>
			</Point>
		</Placemark>
		<Placemark>
			<name>444</name>
			<visibility>0</visibility>
			<Point>
				<extrude>1</extrude>
				<coordinates>-81.5372,37.5831,0</coordinates>
			</Point>
		</Placemark>
		<Placemark>
			<name>445</name>
			<visibility>0</visibility>
			<Point>
				<extrude>1</extrude>
				<coordinates>-81.6242,37.6919,0</coordinates>
			</Point>
		</Placemark>
		<Placemark>
			<name>446</name>
			<visibility>0</visibility>
			<Point>
				<extrude>1</extrude>
				<coordinates>-81.8961,37.4833,0</coordinates>
			</Point>
		</Placemark>
		<Placemark>
			<name>447</name>
			<visibility>0</visibility>
			<Point>
				<extrude>1</extrude>
				<coordinates>-81.8017,37.35,0</coordinates>
			</Point>
		</Placemark>
		<Placemark>
			<name>448</name>
			<visibility>0</visibility>
			<Point>
				<extrude>1</extrude>
				<coordinates>-82.3492,37.7897,0</coordinates>
			</Point>
		</Placemark>
		<Placemark>
			<name>449</name>
			<visibility>0</visibility>
			<Point>
				<extrude>1</extrude>
				<coordinates>-82.34999999999999,37.7917,0</coordinates>
			</Point>
		</Placemark>
		<Placemark>
			<name>450</name>
			<visibility>0</visibility>
			<Point>
				<extrude>1</extrude>
				<coordinates>-82.0175,37.9736,0</coordinates>
			</Point>
		</Placemark>
		<Placemark>
			<name>451</name>
			<visibility>0</visibility>
			<Point>
				<extrude>1</extrude>
				<coordinates>-81.9883,37.9022,0</coordinates>
			</Point>
		</Placemark>
		<Placemark>
			<name>452</name>
			<visibility>0</visibility>
			<Point>
				<extrude>1</extrude>
				<coordinates>-82.105,38.2783,0</coordinates>
			</Point>
		</Placemark>
		<Placemark>
			<name>453</name>
			<visibility>0</visibility>
			<Point>
				<extrude>1</extrude>
				<coordinates>-82.1181,38.2806,0</coordinates>
			</Point>
		</Placemark>
		<Placemark>
			<name>454</name>
			<visibility>0</visibility>
			<Point>
				<extrude>1</extrude>
				<coordinates>-82.3275,38.0914,0</coordinates>
			</Point>
		</Placemark>
		<Placemark>
			<name>455</name>
			<visibility>0</visibility>
			<Point>
				<extrude>1</extrude>
				<coordinates>-82.4417,38.22,0</coordinates>
			</Point>
		</Placemark>
		<Placemark>
			<name>456</name>
			<visibility>0</visibility>
			<Point>
				<extrude>1</extrude>
				<coordinates>-82.22110000000001,38.3231,0</coordinates>
			</Point>
		</Placemark>
		<Placemark>
			<name>457</name>
			<visibility>0</visibility>
			<Point>
				<extrude>1</extrude>
				<coordinates>-82.2933,38.4067,0</coordinates>
			</Point>
		</Placemark>
		<Placemark>
			<name>458</name>
			<visibility>0</visibility>
			<Point>
				<extrude>1</extrude>
				<coordinates>-81.8381,38.6875,0</coordinates>
			</Point>
		</Placemark>
		<Placemark>
			<name>459</name>
			<visibility>0</visibility>
			<Point>
				<extrude>1</extrude>
				<coordinates>-82.1383,38.8336,0</coordinates>
			</Point>
		</Placemark>
		<Placemark>
			<name>460</name>
			<visibility>0</visibility>
			<Point>
				<extrude>1</extrude>
				<coordinates>-81.7389,38.4769,0</coordinates>
			</Point>
		</Placemark>
		<Placemark>
			<name>461</name>
			<visibility>0</visibility>
			<Point>
				<extrude>1</extrude>
				<coordinates>-81.76860000000001,38.5358,0</coordinates>
			</Point>
		</Placemark>
		<Placemark>
			<name>462</name>
			<visibility>0</visibility>
			<Point>
				<extrude>1</extrude>
				<coordinates>-81.69970000000001,38.3683,0</coordinates>
			</Point>
		</Placemark>
		<Placemark>
			<name>463</name>
			<visibility>0</visibility>
			<Point>
				<extrude>1</extrude>
				<coordinates>-81.6328,38.3497,0</coordinates>
			</Point>
		</Placemark>
		<Placemark>
			<name>464</name>
			<visibility>0</visibility>
			<Point>
				<extrude>1</extrude>
				<coordinates>-81.6139,38.3569,0</coordinates>
			</Point>
		</Placemark>
		<Placemark>
			<name>465</name>
			<visibility>0</visibility>
			<Point>
				<extrude>1</extrude>
				<coordinates>-81.6311,38.5281,0</coordinates>
			</Point>
		</Placemark>
		<Placemark>
			<name>466</name>
			<visibility>0</visibility>
			<Point>
				<extrude>1</extrude>
				<coordinates>-81.4819,38.4086,0</coordinates>
			</Point>
		</Placemark>
		<Placemark>
			<name>467</name>
			<visibility>0</visibility>
			<Point>
				<extrude>1</extrude>
				<coordinates>-81.1122,38.3814,0</coordinates>
			</Point>
		</Placemark>
		<Placemark>
			<name>468</name>
			<visibility>0</visibility>
			<Point>
				<extrude>1</extrude>
				<coordinates>-81.0853,38.4603,0</coordinates>
			</Point>
		</Placemark>
		<Placemark>
			<name>469</name>
			<visibility>0</visibility>
			<Point>
				<extrude>1</extrude>
				<coordinates>-81.2272,38.9406,0</coordinates>
			</Point>
		</Placemark>
		<Placemark>
			<name>470</name>
			<visibility>0</visibility>
			<Point>
				<extrude>1</extrude>
				<coordinates>-81.0956,38.8353,0</coordinates>
			</Point>
		</Placemark>
		<Placemark>
			<name>471</name>
			<visibility>0</visibility>
			<Point>
				<extrude>1</extrude>
				<coordinates>-81.6583,38.9033,0</coordinates>
			</Point>
		</Placemark>
		<Placemark>
			<name>472</name>
			<visibility>0</visibility>
			<Point>
				<extrude>1</extrude>
				<coordinates>-81.71169999999999,38.8183,0</coordinates>
			</Point>
		</Placemark>
		<Placemark>
			<name>473</name>
			<visibility>0</visibility>
			<Point>
				<extrude>1</extrude>
				<coordinates>-81.40689999999999,39.03,0</coordinates>
			</Point>
		</Placemark>
		<Placemark>
			<name>474</name>
			<visibility>0</visibility>
			<Point>
				<extrude>1</extrude>
				<coordinates>-81.39449999999999,38.9931,0</coordinates>
			</Point>
		</Placemark>
		<Placemark>
			<name>475</name>
			<visibility>0</visibility>
			<Point>
				<extrude>1</extrude>
				<coordinates>-81.73560000000001,39.1242,0</coordinates>
			</Point>
		</Placemark>
		<Placemark>
			<name>476</name>
			<visibility>0</visibility>
			<Point>
				<extrude>1</extrude>
				<coordinates>-81.44499999999999,39.2333,0</coordinates>
			</Point>
		</Placemark>
		<Placemark>
			<name>477</name>
			<visibility>0</visibility>
			<Point>
				<extrude>1</extrude>
				<coordinates>-81.205,39.39,0</coordinates>
			</Point>
		</Placemark>
		<Placemark>
			<name>478</name>
			<visibility>0</visibility>
			<Point>
				<extrude>1</extrude>
				<coordinates>-81.24169999999999,39.3183,0</coordinates>
			</Point>
		</Placemark>
		<Placemark>
			<name>479</name>
			<visibility>0</visibility>
			<Point>
				<extrude>1</extrude>
				<coordinates>-81.2683,39.19,0</coordinates>
			</Point>
		</Placemark>
		<Placemark>
			<name>480</name>
			<visibility>0</visibility>
			<Point>
				<extrude>1</extrude>
				<coordinates>-80.9683,39.285,0</coordinates>
			</Point>
		</Placemark>
		<Placemark>
			<name>481</name>
			<visibility>0</visibility>
			<Point>
				<extrude>1</extrude>
				<coordinates>-80.66670000000001,39.2917,0</coordinates>
			</Point>
		</Placemark>
		<Placemark>
			<name>482</name>
			<visibility>0</visibility>
			<Point>
				<extrude>1</extrude>
				<coordinates>-80.71080000000001,39.2567,0</coordinates>
			</Point>
		</Placemark>
		<Placemark>
			<name>483</name>
			<visibility>0</visibility>
			<Point>
				<extrude>1</extrude>
				<coordinates>-80.77500000000001,39.295,0</coordinates>
			</Point>
		</Placemark>
		<Placemark>
			<name>484</name>
			<visibility>0</visibility>
			<Point>
				<extrude>1</extrude>
				<coordinates>-80.6828,39.23,0</coordinates>
			</Point>
		</Placemark>
		<Placemark>
			<name>485</name>
			<visibility>0</visibility>
			<Point>
				<extrude>1</extrude>
				<coordinates>-80.9564,39.5367,0</coordinates>
			</Point>
		</Placemark>
		<Placemark>
			<name>486</name>
			<visibility>0</visibility>
			<Point>
				<extrude>1</extrude>
				<coordinates>-80.82689999999999,39.4331,0</coordinates>
			</Point>
		</Placemark>
		<Placemark>
			<name>487</name>
			<visibility>0</visibility>
			<Point>
				<extrude>1</extrude>
				<coordinates>-80.64190000000001,39.5322,0</coordinates>
			</Point>
		</Placemark>
		<Placemark>
			<name>488</name>
			<visibility>0</visibility>
			<Point>
				<extrude>1</extrude>
				<coordinates>-80.64109999999999,39.5292,0</coordinates>
			</Point>
		</Placemark>
		<Placemark>
			<name>489</name>
			<visibility>0</visibility>
			<Point>
				<extrude>1</extrude>
				<coordinates>-80.5633,39.8267,0</coordinates>
			</Point>
		</Placemark>
		<Placemark>
			<name>490</name>
			<visibility>0</visibility>
			<Point>
				<extrude>1</extrude>
				<coordinates>-80.55719999999999,39.7978,0</coordinates>
			</Point>
		</Placemark>
		<Placemark>
			<name>491</name>
			<visibility>0</visibility>
			<Point>
				<extrude>1</extrude>
				<coordinates>-80.5294,40.1528,0</coordinates>
			</Point>
		</Placemark>
		<Placemark>
			<name>492</name>
			<visibility>0</visibility>
			<Point>
				<extrude>1</extrude>
				<coordinates>-80.6747,40.1855,0</coordinates>
			</Point>
		</Placemark>
		<Placemark>
			<name>493</name>
			<visibility>0</visibility>
			<Point>
				<extrude>1</extrude>
				<coordinates>-80.72110000000001,40.0639,0</coordinates>
			</Point>
		</Placemark>
		<Placemark>
			<name>494</name>
			<visibility>0</visibility>
			<Point>
				<extrude>1</extrude>
				<coordinates>-80.6117,40.27,0</coordinates>
			</Point>
		</Placemark>
		<Placemark>
			<name>495</name>
			<visibility>0</visibility>
			<Point>
				<extrude>1</extrude>
				<coordinates>-80.5414,40.3669,0</coordinates>
			</Point>
		</Placemark>
		<Placemark>
			<name>496</name>
			<visibility>0</visibility>
			<Point>
				<extrude>1</extrude>
				<coordinates>-80.5333,40.3639,0</coordinates>
			</Point>
		</Placemark>
		<Placemark>
			<name>497</name>
			<visibility>0</visibility>
			<Point>
				<extrude>1</extrude>
				<coordinates>-80.5847,40.502,0</coordinates>
			</Point>
		</Placemark>
		<Placemark>
			<name>498</name>
			<visibility>0</visibility>
			<Point>
				<extrude>1</extrude>
				<coordinates>-80.5575,40.5186,0</coordinates>
			</Point>
		</Placemark>
		<Placemark>
			<name>499</name>
			<visibility>0</visibility>
			<Point>
				<extrude>1</extrude>
				<coordinates>-75.625,39.7333,0</coordinates>
			</Point>
		</Placemark>
		<Placemark>
			<name>500</name>
			<visibility>0</visibility>
			<Point>
				<extrude>1</extrude>
				<coordinates>-75.55,39.763,0</coordinates>
			</Point>
		</Placemark>
		<Placemark>
			<name>501</name>
			<visibility>0</visibility>
			<Point>
				<extrude>1</extrude>
				<coordinates>-75.54689999999999,39.7458,0</coordinates>
			</Point>
		</Placemark>
		<Placemark>
			<name>502</name>
			<visibility>0</visibility>
			<Point>
				<extrude>1</extrude>
				<coordinates>-75.66419999999999,39.6083,0</coordinates>
			</Point>
		</Placemark>
		<Placemark>
			<name>503</name>
			<visibility>0</visibility>
			<Point>
				<extrude>1</extrude>
				<coordinates>-75.697,39.7875,0</coordinates>
			</Point>
		</Placemark>
		<Placemark>
			<name>504</name>
			<visibility>0</visibility>
			<Point>
				<extrude>1</extrude>
				<coordinates>-75.66330000000001,39.6125,0</coordinates>
			</Point>
		</Placemark>
		<Placemark>
			<name>505</name>
			<visibility>0</visibility>
			<Point>
				<extrude>1</extrude>
				<coordinates>-75.62860000000001,39.0708,0</coordinates>
			</Point>
		</Placemark>
		<Placemark>
			<name>506</name>
			<visibility>0</visibility>
			<Point>
				<extrude>1</extrude>
				<coordinates>-75.7136,39.1686,0</coordinates>
			</Point>
		</Placemark>
		<Placemark>
			<name>507</name>
			<visibility>0</visibility>
			<Point>
				<extrude>1</extrude>
				<coordinates>-75.5247,39.1581,0</coordinates>
			</Point>
		</Placemark>
		<Placemark>
			<name>508</name>
			<visibility>0</visibility>
			<Point>
				<extrude>1</extrude>
				<coordinates>-75.42829999999999,38.9125,0</coordinates>
			</Point>
		</Placemark>
		<Placemark>
			<name>509</name>
			<visibility>0</visibility>
			<Point>
				<extrude>1</extrude>
				<coordinates>-75.3858,38.69,0</coordinates>
			</Point>
		</Placemark>
		<Placemark>
			<name>510</name>
			<visibility>0</visibility>
			<Point>
				<extrude>1</extrude>
				<coordinates>-75.60469999999999,38.7425,0</coordinates>
			</Point>
		</Placemark>
		<Placemark>
			<name>511</name>
			<visibility>0</visibility>
			<Point>
				<extrude>1</extrude>
				<coordinates>-75.2353,38.5172,0</coordinates>
			</Point>
		</Placemark>
		<Placemark>
			<name>512</name>
			<visibility>0</visibility>
			<Point>
				<extrude>1</extrude>
				<coordinates>-75.17829999999999,38.568,0</coordinates>
			</Point>
		</Placemark>
		<Placemark>
			<name>513</name>
			<visibility>0</visibility>
			<Point>
				<extrude>1</extrude>
				<coordinates>-76.1155,39.6047,0</coordinates>
			</Point>
		</Placemark>
		<Placemark>
			<name>514</name>
			<visibility>0</visibility>
			<Point>
				<extrude>1</extrude>
				<coordinates>-76.06310000000001,39.6978,0</coordinates>
			</Point>
		</Placemark>
		<Placemark>
			<name>515</name>
			<visibility>0</visibility>
			<Point>
				<extrude>1</extrude>
				<coordinates>-76.2353,39.1381,0</coordinates>
			</Point>
		</Placemark>
		<Placemark>
			<name>516</name>
			<visibility>0</visibility>
			<Point>
				<extrude>1</extrude>
				<coordinates>-75.83750000000001,39.2581,0</coordinates>
			</Point>
		</Placemark>
		<Placemark>
			<name>517</name>
			<visibility>0</visibility>
			<Point>
				<extrude>1</extrude>
				<coordinates>-76.2814,38.947,0</coordinates>
			</Point>
		</Placemark>
		<Placemark>
			<name>518</name>
			<visibility>0</visibility>
			<Point>
				<extrude>1</extrude>
				<coordinates>-75.9858,39.1411,0</coordinates>
			</Point>
		</Placemark>
		<Placemark>
			<name>519</name>
			<visibility>0</visibility>
			<Point>
				<extrude>1</extrude>
				<coordinates>-75.8514,38.8311,0</coordinates>
			</Point>
		</Placemark>
		<Placemark>
			<name>520</name>
			<visibility>0</visibility>
			<Point>
				<extrude>1</extrude>
				<coordinates>-75.8275,38.8845,0</coordinates>
			</Point>
		</Placemark>
		<Placemark>
			<name>521</name>
			<visibility>0</visibility>
			<Point>
				<extrude>1</extrude>
				<coordinates>-75.90860000000001,38.7117,0</coordinates>
			</Point>
		</Placemark>
		<Placemark>
			<name>522</name>
			<visibility>0</visibility>
			<Point>
				<extrude>1</extrude>
				<coordinates>-76.3347,38.7169,0</coordinates>
			</Point>
		</Placemark>
		<Placemark>
			<name>523</name>
			<visibility>0</visibility>
			<Point>
				<extrude>1</extrude>
				<coordinates>-76.0767,38.7742,0</coordinates>
			</Point>
		</Placemark>
		<Placemark>
			<name>524</name>
			<visibility>0</visibility>
			<Point>
				<extrude>1</extrude>
				<coordinates>-76.0822,38.2819,0</coordinates>
			</Point>
		</Placemark>
		<Placemark>
			<name>525</name>
			<visibility>0</visibility>
			<Point>
				<extrude>1</extrude>
				<coordinates>-75.9128,38.5158,0</coordinates>
			</Point>
		</Placemark>
		<Placemark>
			<name>526</name>
			<visibility>0</visibility>
			<Point>
				<extrude>1</extrude>
				<coordinates>-75.33499999999999,38.3528,0</coordinates>
			</Point>
		</Placemark>
		<Placemark>
			<name>527</name>
			<visibility>0</visibility>
			<Point>
				<extrude>1</extrude>
				<coordinates>-75.69670000000001,38.3417,0</coordinates>
			</Point>
		</Placemark>
		<Placemark>
			<name>528</name>
			<visibility>0</visibility>
			<Point>
				<extrude>1</extrude>
				<coordinates>-75.5997,38.3606,0</coordinates>
			</Point>
		</Placemark>
		<Placemark>
			<name>529</name>
			<visibility>0</visibility>
			<Point>
				<extrude>1</extrude>
				<coordinates>-75.6514,38.2806,0</coordinates>
			</Point>
		</Placemark>
		<Placemark>
			<name>530</name>
			<visibility>0</visibility>
			<Point>
				<extrude>1</extrude>
				<coordinates>-75.3931,38.1769,0</coordinates>
			</Point>
		</Placemark>
		<Placemark>
			<name>531</name>
			<visibility>0</visibility>
			<Point>
				<extrude>1</extrude>
				<coordinates>-75.69280000000001,38.2028,0</coordinates>
			</Point>
		</Placemark>
		<Placemark>
			<name>532</name>
			<visibility>0</visibility>
			<Point>
				<extrude>1</extrude>
				<coordinates>-75.9483,38.1589,0</coordinates>
			</Point>
		</Placemark>
		<Placemark>
			<name>533</name>
			<visibility>0</visibility>
			<Point>
				<extrude>1</extrude>
				<coordinates>-75.6097,38.1564,0</coordinates>
			</Point>
		</Placemark>
		<Placemark>
			<name>534</name>
			<visibility>0</visibility>
			<Point>
				<extrude>1</extrude>
				<coordinates>-76.3456,39.5786,0</coordinates>
			</Point>
		</Placemark>
		<Placemark>
			<name>535</name>
			<visibility>0</visibility>
			<Point>
				<extrude>1</extrude>
				<coordinates>-76.3867,39.5053,0</coordinates>
			</Point>
		</Placemark>
		<Placemark>
			<name>536</name>
			<visibility>0</visibility>
			<Point>
				<extrude>1</extrude>
				<coordinates>-76.6219,39.6022,0</coordinates>
			</Point>
		</Placemark>
		<Placemark>
			<name>537</name>
			<visibility>0</visibility>
			<Point>
				<extrude>1</extrude>
				<coordinates>-76.8231,39.5317,0</coordinates>
			</Point>
		</Placemark>
		<Placemark>
			<name>538</name>
			<visibility>0</visibility>
			<Point>
				<extrude>1</extrude>
				<coordinates>-76.7744,39.6017,0</coordinates>
			</Point>
		</Placemark>
		<Placemark>
			<name>539</name>
			<visibility>0</visibility>
			<Point>
				<extrude>1</extrude>
				<coordinates>-76.6083,39.2708,0</coordinates>
			</Point>
		</Placemark>
		<Placemark>
			<name>540</name>
			<visibility>0</visibility>
			<Point>
				<extrude>1</extrude>
				<coordinates>-76.54170000000001,39.35,0</coordinates>
			</Point>
		</Placemark>
		<Placemark>
			<name>541</name>
			<visibility>0</visibility>
			<Point>
				<extrude>1</extrude>
				<coordinates>-76.6711,39.2819,0</coordinates>
			</Point>
		</Placemark>
		<Placemark>
			<name>542</name>
			<visibility>0</visibility>
			<Point>
				<extrude>1</extrude>
				<coordinates>-76.6833,39.3167,0</coordinates>
			</Point>
		</Placemark>
		<Placemark>
			<name>543</name>
			<visibility>0</visibility>
			<Point>
				<extrude>1</extrude>
				<coordinates>-76.58329999999999,39.3583,0</coordinates>
			</Point>
		</Placemark>
		<Placemark>
			<name>544</name>
			<visibility>0</visibility>
			<Point>
				<extrude>1</extrude>
				<coordinates>-76.66670000000001,39.3333,0</coordinates>
			</Point>
		</Placemark>
		<Placemark>
			<name>545</name>
			<visibility>0</visibility>
			<Point>
				<extrude>1</extrude>
				<coordinates>-76.6125,39.2903,0</coordinates>
			</Point>
		</Placemark>
		<Placemark>
			<name>546</name>
			<visibility>0</visibility>
			<Point>
				<extrude>1</extrude>
				<coordinates>-77.0444,39.6828,0</coordinates>
			</Point>
		</Placemark>
		<Placemark>
			<name>547</name>
			<visibility>0</visibility>
			<Point>
				<extrude>1</extrude>
				<coordinates>-77.10890000000001,39.3103,0</coordinates>
			</Point>
		</Placemark>
		<Placemark>
			<name>548</name>
			<visibility>0</visibility>
			<Point>
				<extrude>1</extrude>
				<coordinates>-77.1086,39.31,0</coordinates>
			</Point>
		</Placemark>
		<Placemark>
			<name>549</name>
			<visibility>0</visibility>
			<Point>
				<extrude>1</extrude>
				<coordinates>-77.545,39.4436,0</coordinates>
			</Point>
		</Placemark>
		<Placemark>
			<name>550</name>
			<visibility>0</visibility>
			<Point>
				<extrude>1</extrude>
				<coordinates>-77.41079999999999,39.4142,0</coordinates>
			</Point>
		</Placemark>
		<Placemark>
			<name>551</name>
			<visibility>0</visibility>
			<Point>
				<extrude>1</extrude>
				<coordinates>-77.4603,39.4794,0</coordinates>
			</Point>
		</Placemark>
		<Placemark>
			<name>552</name>
			<visibility>0</visibility>
			<Point>
				<extrude>1</extrude>
				<coordinates>-77.04470000000001,39.0922,0</coordinates>
			</Point>
		</Placemark>
		<Placemark>
			<name>553</name>
			<visibility>0</visibility>
			<Point>
				<extrude>1</extrude>
				<coordinates>-77.02719999999999,39.1494,0</coordinates>
			</Point>
		</Placemark>
		<Placemark>
			<name>554</name>
			<visibility>0</visibility>
			<Point>
				<extrude>1</extrude>
				<coordinates>-76.8558,38.8706,0</coordinates>
			</Point>
		</Placemark>
		<Placemark>
			<name>555</name>
			<visibility>0</visibility>
			<Point>
				<extrude>1</extrude>
				<coordinates>-76.7253,38.585,0</coordinates>
			</Point>
		</Placemark>
		<Placemark>
			<name>556</name>
			<visibility>0</visibility>
			<Point>
				<extrude>1</extrude>
				<coordinates>-76.5125,38.8417,0</coordinates>
			</Point>
		</Placemark>
		<Placemark>
			<name>557</name>
			<visibility>0</visibility>
			<Point>
				<extrude>1</extrude>
				<coordinates>-76.59610000000001,38.78,0</coordinates>
			</Point>
		</Placemark>
		<Placemark>
			<name>558</name>
			<visibility>0</visibility>
			<Point>
				<extrude>1</extrude>
				<coordinates>-76.49250000000001,38.9783,0</coordinates>
			</Point>
		</Placemark>
		<Placemark>
			<name>559</name>
			<visibility>0</visibility>
			<Point>
				<extrude>1</extrude>
				<coordinates>-76.5847,38.5403,0</coordinates>
			</Point>
		</Placemark>
		<Placemark>
			<name>560</name>
			<visibility>0</visibility>
			<Point>
				<extrude>1</extrude>
				<coordinates>-76.6164,38.5253,0</coordinates>
			</Point>
		</Placemark>
		<Placemark>
			<name>561</name>
			<visibility>0</visibility>
			<Point>
				<extrude>1</extrude>
				<coordinates>-76.4161,38.1486,0</coordinates>
			</Point>
		</Placemark>
		<Placemark>
			<name>562</name>
			<visibility>0</visibility>
			<Point>
				<extrude>1</extrude>
				<coordinates>-76.3742,38.1192,0</coordinates>
			</Point>
		</Placemark>
		<Placemark>
			<name>563</name>
			<visibility>0</visibility>
			<Point>
				<extrude>1</extrude>
				<coordinates>-76.41670000000001,38.2917,0</coordinates>
			</Point>
		</Placemark>
		<Placemark>
			<name>564</name>
			<visibility>0</visibility>
			<Point>
				<extrude>1</extrude>
				<coordinates>-76.7681,38.2561,0</coordinates>
			</Point>
		</Placemark>
		<Placemark>
			<name>565</name>
			<visibility>0</visibility>
			<Point>
				<extrude>1</extrude>
				<coordinates>-76.6361,38.2911,0</coordinates>
			</Point>
		</Placemark>
		<Placemark>
			<name>566</name>
			<visibility>0</visibility>
			<Point>
				<extrude>1</extrude>
				<coordinates>-77.21720000000001,38.4547,0</coordinates>
			</Point>
		</Placemark>
		<Placemark>
			<name>567</name>
			<visibility>0</visibility>
			<Point>
				<extrude>1</extrude>
				<coordinates>-77.2283,38.4594,0</coordinates>
			</Point>
		</Placemark>
		<Placemark>
			<name>568</name>
			<visibility>0</visibility>
			<Point>
				<extrude>1</extrude>
				<coordinates>-77.0308,38.5772,0</coordinates>
			</Point>
		</Placemark>
		<Placemark>
			<name>569</name>
			<visibility>0</visibility>
			<Point>
				<extrude>1</extrude>
				<coordinates>-76.93940000000001,38.6244,0</coordinates>
			</Point>
		</Placemark>
		<Placemark>
			<name>570</name>
			<visibility>0</visibility>
			<Point>
				<extrude>1</extrude>
				<coordinates>-77.7,39.4861,0</coordinates>
			</Point>
		</Placemark>
		<Placemark>
			<name>571</name>
			<visibility>0</visibility>
			<Point>
				<extrude>1</extrude>
				<coordinates>-78.18000000000001,39.6989,0</coordinates>
			</Point>
		</Placemark>
		<Placemark>
			<name>572</name>
			<visibility>0</visibility>
			<Point>
				<extrude>1</extrude>
				<coordinates>-77.72029999999999,39.6417,0</coordinates>
			</Point>
		</Placemark>
		<Placemark>
			<name>573</name>
			<visibility>0</visibility>
			<Point>
				<extrude>1</extrude>
				<coordinates>-79.2311,39.4589,0</coordinates>
			</Point>
		</Placemark>
		<Placemark>
			<name>574</name>
			<visibility>0</visibility>
			<Point>
				<extrude>1</extrude>
				<coordinates>-79.3253,39.4236,0</coordinates>
			</Point>
		</Placemark>
		<Placemark>
			<name>575</name>
			<visibility>0</visibility>
			<Point>
				<extrude>1</extrude>
				<coordinates>-77.0367,38.895,0</coordinates>
			</Point>
		</Placemark>
		<Placemark>
			<name>576</name>
			<visibility>0</visibility>
			<Point>
				<extrude>1</extrude>
				<coordinates>-77.0628,38.9047,0</coordinates>
			</Point>
		</Placemark>
		<Placemark>
			<name>577</name>
			<visibility>0</visibility>
			<Point>
				<extrude>1</extrude>
				<coordinates>-77.0472,38.8047,0</coordinates>
			</Point>
		</Placemark>
		<Placemark>
			<name>578</name>
			<visibility>0</visibility>
			<Point>
				<extrude>1</extrude>
				<coordinates>-77.38639999999999,38.9694,0</coordinates>
			</Point>
		</Placemark>
		<Placemark>
			<name>579</name>
			<visibility>0</visibility>
			<Point>
				<extrude>1</extrude>
				<coordinates>-77.23439999999999,38.6686,0</coordinates>
			</Point>
		</Placemark>
		<Placemark>
			<name>580</name>
			<visibility>0</visibility>
			<Point>
				<extrude>1</extrude>
				<coordinates>-77.6369,39.2725,0</coordinates>
			</Point>
		</Placemark>
		<Placemark>
			<name>581</name>
			<visibility>0</visibility>
			<Point>
				<extrude>1</extrude>
				<coordinates>-77.6953,39.1153,0</coordinates>
			</Point>
		</Placemark>
		<Placemark>
			<name>582</name>
			<visibility>0</visibility>
			<Point>
				<extrude>1</extrude>
				<coordinates>-77.6417,39.2764,0</coordinates>
			</Point>
		</Placemark>
		<Placemark>
			<name>583</name>
			<visibility>0</visibility>
			<Point>
				<extrude>1</extrude>
				<coordinates>-77.6281,38.9,0</coordinates>
			</Point>
		</Placemark>
		<Placemark>
			<name>584</name>
			<visibility>0</visibility>
			<Point>
				<extrude>1</extrude>
				<coordinates>-77.8845,38.745,0</coordinates>
			</Point>
		</Placemark>
		<Placemark>
			<name>585</name>
			<visibility>0</visibility>
			<Point>
				<extrude>1</extrude>
				<coordinates>-77.79559999999999,38.7133,0</coordinates>
			</Point>
		</Placemark>
		<Placemark>
			<name>586</name>
			<visibility>0</visibility>
			<Point>
				<extrude>1</extrude>
				<coordinates>-78.27800000000001,38.5703,0</coordinates>
			</Point>
		</Placemark>
		<Placemark>
			<name>587</name>
			<visibility>0</visibility>
			<Point>
				<extrude>1</extrude>
				<coordinates>-78.2578,38.3803,0</coordinates>
			</Point>
		</Placemark>
		<Placemark>
			<name>588</name>
			<visibility>0</visibility>
			<Point>
				<extrude>1</extrude>
				<coordinates>-78.08199999999999,37.9622,0</coordinates>
			</Point>
		</Placemark>
		<Placemark>
			<name>589</name>
			<visibility>0</visibility>
			<Point>
				<extrude>1</extrude>
				<coordinates>-78.00449999999999,38.025,0</coordinates>
			</Point>
		</Placemark>
		<Placemark>
			<name>590</name>
			<visibility>0</visibility>
			<Point>
				<extrude>1</extrude>
				<coordinates>-77.6497,38.2069,0</coordinates>
			</Point>
		</Placemark>
		<Placemark>
			<name>591</name>
			<visibility>0</visibility>
			<Point>
				<extrude>1</extrude>
				<coordinates>-77.6636,38.1661,0</coordinates>
			</Point>
		</Placemark>
		<Placemark>
			<name>592</name>
			<visibility>0</visibility>
			<Point>
				<extrude>1</extrude>
				<coordinates>-77.46080000000001,38.303,0</coordinates>
			</Point>
		</Placemark>
		<Placemark>
			<name>593</name>
			<visibility>0</visibility>
			<Point>
				<extrude>1</extrude>
				<coordinates>-77.3869,38.4822,0</coordinates>
			</Point>
		</Placemark>
		<Placemark>
			<name>594</name>
			<visibility>0</visibility>
			<Point>
				<extrude>1</extrude>
				<coordinates>-77.40860000000001,38.4219,0</coordinates>
			</Point>
		</Placemark>
		<Placemark>
			<name>595</name>
			<visibility>0</visibility>
			<Point>
				<extrude>1</extrude>
				<coordinates>-77.1811,38.0828,0</coordinates>
			</Point>
		</Placemark>
		<Placemark>
			<name>596</name>
			<visibility>0</visibility>
			<Point>
				<extrude>1</extrude>
				<coordinates>-77.3211,37.9992,0</coordinates>
			</Point>
		</Placemark>
		<Placemark>
			<name>597</name>
			<visibility>0</visibility>
			<Point>
				<extrude>1</extrude>
				<coordinates>-77.28189999999999,37.5889,0</coordinates>
			</Point>
		</Placemark>
		<Placemark>
			<name>598</name>
			<visibility>0</visibility>
			<Point>
				<extrude>1</extrude>
				<coordinates>-77.37050000000001,37.7664,0</coordinates>
			</Point>
		</Placemark>
		<Placemark>
			<name>599</name>
			<visibility>0</visibility>
			<Point>
				<extrude>1</extrude>
				<coordinates>-76.6692,38.0025,0</coordinates>
			</Point>
		</Placemark>
		<Placemark>
			<name>600</name>
			<visibility>0</visibility>
			<Point>
				<extrude>1</extrude>
				<coordinates>-76.9486,38.1117,0</coordinates>
			</Point>
		</Placemark>
		<Placemark>
			<name>601</name>
			<visibility>0</visibility>
			<Point>
				<extrude>1</extrude>
				<coordinates>-76.99720000000001,38.1817,0</coordinates>
			</Point>
		</Placemark>
		<Placemark>
			<name>602</name>
			<visibility>0</visibility>
			<Point>
				<extrude>1</extrude>
				<coordinates>-76.4442,37.6547,0</coordinates>
			</Point>
		</Placemark>
		<Placemark>
			<name>603</name>
			<visibility>0</visibility>
			<Point>
				<extrude>1</extrude>
				<coordinates>-76.53830000000001,37.73,0</coordinates>
			</Point>
		</Placemark>
		<Placemark>
			<name>604</name>
			<visibility>0</visibility>
			<Point>
				<extrude>1</extrude>
				<coordinates>-76.56,37.9692,0</coordinates>
			</Point>
		</Placemark>
		<Placemark>
			<name>605</name>
			<visibility>0</visibility>
			<Point>
				<extrude>1</extrude>
				<coordinates>-76.3531,37.8158,0</coordinates>
			</Point>
		</Placemark>
		<Placemark>
			<name>606</name>
			<visibility>0</visibility>
			<Point>
				<extrude>1</extrude>
				<coordinates>-76.3781,37.815,0</coordinates>
			</Point>
		</Placemark>
		<Placemark>
			<name>607</name>
			<visibility>0</visibility>
			<Point>
				<extrude>1</extrude>
				<coordinates>-76.81999999999999,37.8575,0</coordinates>
			</Point>
		</Placemark>
		<Placemark>
			<name>608</name>
			<visibility>0</visibility>
			<Point>
				<extrude>1</extrude>
				<coordinates>-76.8736,37.8956,0</coordinates>
			</Point>
		</Placemark>
		<Placemark>
			<name>609</name>
			<visibility>0</visibility>
			<Point>
				<extrude>1</extrude>
				<coordinates>-76.7839,37.8736,0</coordinates>
			</Point>
		</Placemark>
		<Placemark>
			<name>610</name>
			<visibility>0</visibility>
			<Point>
				<extrude>1</extrude>
				<coordinates>-76.87779999999999,37.6697,0</coordinates>
			</Point>
		</Placemark>
		<Placemark>
			<name>611</name>
			<visibility>0</visibility>
			<Point>
				<extrude>1</extrude>
				<coordinates>-76.7681,37.5278,0</coordinates>
			</Point>
		</Placemark>
		<Placemark>
			<name>612</name>
			<visibility>0</visibility>
			<Point>
				<extrude>1</extrude>
				<coordinates>-77.1356,37.7622,0</coordinates>
			</Point>
		</Placemark>
		<Placemark>
			<name>613</name>
			<visibility>0</visibility>
			<Point>
				<extrude>1</extrude>
				<coordinates>-77.1789,37.8547,0</coordinates>
			</Point>
		</Placemark>
		<Placemark>
			<name>614</name>
			<visibility>0</visibility>
			<Point>
				<extrude>1</extrude>
				<coordinates>-76.59529999999999,37.6058,0</coordinates>
			</Point>
		</Placemark>
		<Placemark>
			<name>615</name>
			<visibility>0</visibility>
			<Point>
				<extrude>1</extrude>
				<coordinates>-76.4158,37.2942,0</coordinates>
			</Point>
		</Placemark>
		<Placemark>
			<name>616</name>
			<visibility>0</visibility>
			<Point>
				<extrude>1</extrude>
				<coordinates>-76.4406,37.28,0</coordinates>
			</Point>
		</Placemark>
		<Placemark>
			<name>617</name>
			<visibility>0</visibility>
			<Point>
				<extrude>1</extrude>
				<coordinates>-76.48779999999999,37.3886,0</coordinates>
			</Point>
		</Placemark>
		<Placemark>
			<name>618</name>
			<visibility>0</visibility>
			<Point>
				<extrude>1</extrude>
				<coordinates>-76.2731,37.3956,0</coordinates>
			</Point>
		</Placemark>
		<Placemark>
			<name>619</name>
			<visibility>0</visibility>
			<Point>
				<extrude>1</extrude>
				<coordinates>-76.3175,37.3858,0</coordinates>
			</Point>
		</Placemark>
		<Placemark>
			<name>620</name>
			<visibility>0</visibility>
			<Point>
				<extrude>1</extrude>
				<coordinates>-76.3203,37.4369,0</coordinates>
			</Point>
		</Placemark>
		<Placemark>
			<name>621</name>
			<visibility>0</visibility>
			<Point>
				<extrude>1</extrude>
				<coordinates>-76.9353,37.3653,0</coordinates>
			</Point>
		</Placemark>
		<Placemark>
			<name>622</name>
			<visibility>0</visibility>
			<Point>
				<extrude>1</extrude>
				<coordinates>-77.04389999999999,37.4417,0</coordinates>
			</Point>
		</Placemark>
		<Placemark>
			<name>623</name>
			<visibility>0</visibility>
			<Point>
				<extrude>1</extrude>
				<coordinates>-77.0414,37.3672,0</coordinates>
			</Point>
		</Placemark>
		<Placemark>
			<name>624</name>
			<visibility>0</visibility>
			<Point>
				<extrude>1</extrude>
				<coordinates>-76.8708,37.3942,0</coordinates>
			</Point>
		</Placemark>
		<Placemark>
			<name>625</name>
			<visibility>0</visibility>
			<Point>
				<extrude>1</extrude>
				<coordinates>-76.78060000000001,36.6811,0</coordinates>
			</Point>
		</Placemark>
		<Placemark>
			<name>626</name>
			<visibility>0</visibility>
			<Point>
				<extrude>1</extrude>
				<coordinates>-76.4689,37.1653,0</coordinates>
			</Point>
		</Placemark>
		<Placemark>
			<name>627</name>
			<visibility>0</visibility>
			<Point>
				<extrude>1</extrude>
				<coordinates>-76.5078,37.1053,0</coordinates>
			</Point>
		</Placemark>
		<Placemark>
			<name>628</name>
			<visibility>0</visibility>
			<Point>
				<extrude>1</extrude>
				<coordinates>-75.9922,37.8283,0</coordinates>
			</Point>
		</Placemark>
		<Placemark>
			<name>629</name>
			<visibility>0</visibility>
			<Point>
				<extrude>1</extrude>
				<coordinates>-75.86920000000001,37.5817,0</coordinates>
			</Point>
		</Placemark>
		<Placemark>
			<name>630</name>
			<visibility>0</visibility>
			<Point>
				<extrude>1</extrude>
				<coordinates>-75.6814,37.7786,0</coordinates>
			</Point>
		</Placemark>
		<Placemark>
			<name>631</name>
			<visibility>0</visibility>
			<Point>
				<extrude>1</extrude>
				<coordinates>-75.6658,37.7194,0</coordinates>
			</Point>
		</Placemark>
		<Placemark>
			<name>632</name>
			<visibility>0</visibility>
			<Point>
				<extrude>1</extrude>
				<coordinates>-75.3792,37.9331,0</coordinates>
			</Point>
		</Placemark>
		<Placemark>
			<name>633</name>
			<visibility>0</visibility>
			<Point>
				<extrude>1</extrude>
				<coordinates>-75.9706,37.23,0</coordinates>
			</Point>
		</Placemark>
		<Placemark>
			<name>634</name>
			<visibility>0</visibility>
			<Point>
				<extrude>1</extrude>
				<coordinates>-75.9267,37.4456,0</coordinates>
			</Point>
		</Placemark>
		<Placemark>
			<name>635</name>
			<visibility>0</visibility>
			<Point>
				<extrude>1</extrude>
				<coordinates>-77.55670000000001,37.59,0</coordinates>
			</Point>
		</Placemark>
		<Placemark>
			<name>636</name>
			<visibility>0</visibility>
			<Point>
				<extrude>1</extrude>
				<coordinates>-77.4547,37.6492,0</coordinates>
			</Point>
		</Placemark>
		<Placemark>
			<name>637</name>
			<visibility>0</visibility>
			<Point>
				<extrude>1</extrude>
				<coordinates>-77.4417,37.5,0</coordinates>
			</Point>
		</Placemark>
		<Placemark>
			<name>638</name>
			<visibility>0</visibility>
			<Point>
				<extrude>1</extrude>
				<coordinates>-77.4375,37.5742,0</coordinates>
			</Point>
		</Placemark>
		<Placemark>
			<name>639</name>
			<visibility>0</visibility>
			<Point>
				<extrude>1</extrude>
				<coordinates>-77.4639,37.553,0</coordinates>
			</Point>
		</Placemark>
		<Placemark>
			<name>640</name>
			<visibility>0</visibility>
			<Point>
				<extrude>1</extrude>
				<coordinates>-77.4606,37.5536,0</coordinates>
			</Point>
		</Placemark>
		<Placemark>
			<name>641</name>
			<visibility>0</visibility>
			<Point>
				<extrude>1</extrude>
				<coordinates>-77.4778,37.2303,0</coordinates>
			</Point>
		</Placemark>
		<Placemark>
			<name>642</name>
			<visibility>0</visibility>
			<Point>
				<extrude>1</extrude>
				<coordinates>-77.6494,37.5058,0</coordinates>
			</Point>
		</Placemark>
		<Placemark>
			<name>643</name>
			<visibility>0</visibility>
			<Point>
				<extrude>1</extrude>
				<coordinates>-77.47750000000001,37.23,0</coordinates>
			</Point>
		</Placemark>
		<Placemark>
			<name>644</name>
			<visibility>0</visibility>
			<Point>
				<extrude>1</extrude>
				<coordinates>-77.40219999999999,37.2278,0</coordinates>
			</Point>
		</Placemark>
		<Placemark>
			<name>645</name>
			<visibility>0</visibility>
			<Point>
				<extrude>1</extrude>
				<coordinates>-77.64360000000001,37.0386,0</coordinates>
			</Point>
		</Placemark>
		<Placemark>
			<name>646</name>
			<visibility>0</visibility>
			<Point>
				<extrude>1</extrude>
				<coordinates>-77.5869,37.0778,0</coordinates>
			</Point>
		</Placemark>
		<Placemark>
			<name>647</name>
			<visibility>0</visibility>
			<Point>
				<extrude>1</extrude>
				<coordinates>-77.28830000000001,37.22,0</coordinates>
			</Point>
		</Placemark>
		<Placemark>
			<name>648</name>
			<visibility>0</visibility>
			<Point>
				<extrude>1</extrude>
				<coordinates>-77.14749999999999,37.185,0</coordinates>
			</Point>
		</Placemark>
		<Placemark>
			<name>649</name>
			<visibility>0</visibility>
			<Point>
				<extrude>1</extrude>
				<coordinates>-76.6314,36.9822,0</coordinates>
			</Point>
		</Placemark>
		<Placemark>
			<name>650</name>
			<visibility>0</visibility>
			<Point>
				<extrude>1</extrude>
				<coordinates>-76.7445,36.8083,0</coordinates>
			</Point>
		</Placemark>
		<Placemark>
			<name>651</name>
			<visibility>0</visibility>
			<Point>
				<extrude>1</extrude>
				<coordinates>-77.30670000000001,36.7156,0</coordinates>
			</Point>
		</Placemark>
		<Placemark>
			<name>652</name>
			<visibility>0</visibility>
			<Point>
				<extrude>1</extrude>
				<coordinates>-77.06829999999999,36.7161,0</coordinates>
			</Point>
		</Placemark>
		<Placemark>
			<name>653</name>
			<visibility>0</visibility>
			<Point>
				<extrude>1</extrude>
				<coordinates>-76.78060000000001,36.6811,0</coordinates>
			</Point>
		</Placemark>
		<Placemark>
			<name>654</name>
			<visibility>0</visibility>
			<Point>
				<extrude>1</extrude>
				<coordinates>-76.34439999999999,36.7431,0</coordinates>
			</Point>
		</Placemark>
		<Placemark>
			<name>655</name>
			<visibility>0</visibility>
			<Point>
				<extrude>1</extrude>
				<coordinates>-76.2856,36.8467,0</coordinates>
			</Point>
		</Placemark>
		<Placemark>
			<name>656</name>
			<visibility>0</visibility>
			<Point>
				<extrude>1</extrude>
				<coordinates>-75.9667,36.6,0</coordinates>
			</Point>
		</Placemark>
		<Placemark>
			<name>657</name>
			<visibility>0</visibility>
			<Point>
				<extrude>1</extrude>
				<coordinates>-76.0181,36.7233,0</coordinates>
			</Point>
		</Placemark>
		<Placemark>
			<name>658</name>
			<visibility>0</visibility>
			<Point>
				<extrude>1</extrude>
				<coordinates>-78,37.8253,0</coordinates>
			</Point>
		</Placemark>
		<Placemark>
			<name>659</name>
			<visibility>0</visibility>
			<Point>
				<extrude>1</extrude>
				<coordinates>-78.06440000000001,37.8614,0</coordinates>
			</Point>
		</Placemark>
		<Placemark>
			<name>660</name>
			<visibility>0</visibility>
			<Point>
				<extrude>1</extrude>
				<coordinates>-78.7242,37.6397,0</coordinates>
			</Point>
		</Placemark>
		<Placemark>
			<name>661</name>
			<visibility>0</visibility>
			<Point>
				<extrude>1</extrude>
				<coordinates>-78.4958,37.7986,0</coordinates>
			</Point>
		</Placemark>
		<Placemark>
			<name>662</name>
			<visibility>0</visibility>
			<Point>
				<extrude>1</extrude>
				<coordinates>-78.24550000000001,37.4958,0</coordinates>
			</Point>
		</Placemark>
		<Placemark>
			<name>663</name>
			<visibility>0</visibility>
			<Point>
				<extrude>1</extrude>
				<coordinates>-78.325,37.4667,0</coordinates>
			</Point>
		</Placemark>
		<Placemark>
			<name>664</name>
			<visibility>0</visibility>
			<Point>
				<extrude>1</extrude>
				<coordinates>-78.33199999999999,37.4369,0</coordinates>
			</Point>
		</Placemark>
		<Placemark>
			<name>665</name>
			<visibility>0</visibility>
			<Point>
				<extrude>1</extrude>
				<coordinates>-78.82559999999999,37.3569,0</coordinates>
			</Point>
		</Placemark>
		<Placemark>
			<name>666</name>
			<visibility>0</visibility>
			<Point>
				<extrude>1</extrude>
				<coordinates>-78.76609999999999,37.3183,0</coordinates>
			</Point>
		</Placemark>
		<Placemark>
			<name>667</name>
			<visibility>0</visibility>
			<Point>
				<extrude>1</extrude>
				<coordinates>-78.6044,37.2,0</coordinates>
			</Point>
		</Placemark>
		<Placemark>
			<name>668</name>
			<visibility>0</visibility>
			<Point>
				<extrude>1</extrude>
				<coordinates>-78.29170000000001,37.275,0</coordinates>
			</Point>
		</Placemark>
		<Placemark>
			<name>669</name>
			<visibility>0</visibility>
			<Point>
				<extrude>1</extrude>
				<coordinates>-79.28579999999999,37.1117,0</coordinates>
			</Point>
		</Placemark>
		<Placemark>
			<name>670</name>
			<visibility>0</visibility>
			<Point>
				<extrude>1</extrude>
				<coordinates>-79.30110000000001,37.1461,0</coordinates>
			</Point>
		</Placemark>
		<Placemark>
			<name>671</name>
			<visibility>0</visibility>
			<Point>
				<extrude>1</extrude>
				<coordinates>-79.1425,37.4136,0</coordinates>
			</Point>
		</Placemark>
		<Placemark>
			<name>672</name>
			<visibility>0</visibility>
			<Point>
				<extrude>1</extrude>
				<coordinates>-78.4836,37.0403,0</coordinates>
			</Point>
		</Placemark>
		<Placemark>
			<name>673</name>
			<visibility>0</visibility>
			<Point>
				<extrude>1</extrude>
				<coordinates>-79.4894,36.8869,0</coordinates>
			</Point>
		</Placemark>
		<Placemark>
			<name>674</name>
			<visibility>0</visibility>
			<Point>
				<extrude>1</extrude>
				<coordinates>-79.39830000000001,36.8255,0</coordinates>
			</Point>
		</Placemark>
		<Placemark>
			<name>675</name>
			<visibility>0</visibility>
			<Point>
				<extrude>1</extrude>
				<coordinates>-78.79000000000001,36.7572,0</coordinates>
			</Point>
		</Placemark>
		<Placemark>
			<name>676</name>
			<visibility>0</visibility>
			<Point>
				<extrude>1</extrude>
				<coordinates>-78.9286,36.7658,0</coordinates>
			</Point>
		</Placemark>
		<Placemark>
			<name>677</name>
			<visibility>0</visibility>
			<Point>
				<extrude>1</extrude>
				<coordinates>-78.4586,36.7992,0</coordinates>
			</Point>
		</Placemark>
		<Placemark>
			<name>678</name>
			<visibility>0</visibility>
			<Point>
				<extrude>1</extrude>
				<coordinates>-78.49250000000001,36.6522,0</coordinates>
			</Point>
		</Placemark>
		<Placemark>
			<name>679</name>
			<visibility>0</visibility>
			<Point>
				<extrude>1</extrude>
				<coordinates>-77.9911,36.5786,0</coordinates>
			</Point>
		</Placemark>
		<Placemark>
			<name>680</name>
			<visibility>0</visibility>
			<Point>
				<extrude>1</extrude>
				<coordinates>-77.8956,36.6475,0</coordinates>
			</Point>
		</Placemark>
		<Placemark>
			<name>681</name>
			<visibility>0</visibility>
			<Point>
				<extrude>1</extrude>
				<coordinates>-77.8986,36.6542,0</coordinates>
			</Point>
		</Placemark>
		<Placemark>
			<name>682</name>
			<visibility>0</visibility>
			<Point>
				<extrude>1</extrude>
				<coordinates>-78.2595,39.2783,0</coordinates>
			</Point>
		</Placemark>
		<Placemark>
			<name>683</name>
			<visibility>0</visibility>
			<Point>
				<extrude>1</extrude>
				<coordinates>-78.06699999999999,39.2544,0</coordinates>
			</Point>
		</Placemark>
		<Placemark>
			<name>684</name>
			<visibility>0</visibility>
			<Point>
				<extrude>1</extrude>
				<coordinates>-78.2469,39.1572,0</coordinates>
			</Point>
		</Placemark>
		<Placemark>
			<name>685</name>
			<visibility>0</visibility>
			<Point>
				<extrude>1</extrude>
				<coordinates>-78.7925,38.807,0</coordinates>
			</Point>
		</Placemark>
		<Placemark>
			<name>686</name>
			<visibility>0</visibility>
			<Point>
				<extrude>1</extrude>
				<coordinates>-78.6425,38.7458,0</coordinates>
			</Point>
		</Placemark>
		<Placemark>
			<name>687</name>
			<visibility>0</visibility>
			<Point>
				<extrude>1</extrude>
				<coordinates>-78.23390000000001,38.8108,0</coordinates>
			</Point>
		</Placemark>
		<Placemark>
			<name>688</name>
			<visibility>0</visibility>
			<Point>
				<extrude>1</extrude>
				<coordinates>-78.1414,38.9894,0</coordinates>
			</Point>
		</Placemark>
		<Placemark>
			<name>689</name>
			<visibility>0</visibility>
			<Point>
				<extrude>1</extrude>
				<coordinates>-78.86920000000001,38.4494,0</coordinates>
			</Point>
		</Placemark>
		<Placemark>
			<name>690</name>
			<visibility>0</visibility>
			<Point>
				<extrude>1</extrude>
				<coordinates>-78.8583,38.4583,0</coordinates>
			</Point>
		</Placemark>
		<Placemark>
			<name>691</name>
			<visibility>0</visibility>
			<Point>
				<extrude>1</extrude>
				<coordinates>-79.55,38.5,0</coordinates>
			</Point>
		</Placemark>
		<Placemark>
			<name>692</name>
			<visibility>0</visibility>
			<Point>
				<extrude>1</extrude>
				<coordinates>-79.6319,38.4311,0</coordinates>
			</Point>
		</Placemark>
		<Placemark>
			<name>693</name>
			<visibility>0</visibility>
			<Point>
				<extrude>1</extrude>
				<coordinates>-78.9542,37.9811,0</coordinates>
			</Point>
		</Placemark>
		<Placemark>
			<name>694</name>
			<visibility>0</visibility>
			<Point>
				<extrude>1</extrude>
				<coordinates>-79.0339,38.03,0</coordinates>
			</Point>
		</Placemark>
		<Placemark>
			<name>695</name>
			<visibility>0</visibility>
			<Point>
				<extrude>1</extrude>
				<coordinates>-78.61190000000001,38.2686,0</coordinates>
			</Point>
		</Placemark>
		<Placemark>
			<name>696</name>
			<visibility>0</visibility>
			<Point>
				<extrude>1</extrude>
				<coordinates>-78.7225,37.9956,0</coordinates>
			</Point>
		</Placemark>
		<Placemark>
			<name>697</name>
			<visibility>0</visibility>
			<Point>
				<extrude>1</extrude>
				<coordinates>-78.3139,38.0575,0</coordinates>
			</Point>
		</Placemark>
		<Placemark>
			<name>698</name>
			<visibility>0</visibility>
			<Point>
				<extrude>1</extrude>
				<coordinates>-78.4769,38.0292,0</coordinates>
			</Point>
		</Placemark>
		<Placemark>
			<name>699</name>
			<visibility>0</visibility>
			<Point>
				<extrude>1</extrude>
				<coordinates>-79.6478,38.1778,0</coordinates>
			</Point>
		</Placemark>
		<Placemark>
			<name>700</name>
			<visibility>0</visibility>
			<Point>
				<extrude>1</extrude>
				<coordinates>-79.4764,37.8092,0</coordinates>
			</Point>
		</Placemark>
		<Placemark>
			<name>701</name>
			<visibility>0</visibility>
			<Point>
				<extrude>1</extrude>
				<coordinates>-79.443,37.7839,0</coordinates>
			</Point>
		</Placemark>
		<Placemark>
			<name>702</name>
			<visibility>0</visibility>
			<Point>
				<extrude>1</extrude>
				<coordinates>-79.49550000000001,37.8539,0</coordinates>
			</Point>
		</Placemark>
		<Placemark>
			<name>703</name>
			<visibility>0</visibility>
			<Point>
				<extrude>1</extrude>
				<coordinates>-78.75579999999999,37.8011,0</coordinates>
			</Point>
		</Placemark>
		<Placemark>
			<name>704</name>
			<visibility>0</visibility>
			<Point>
				<extrude>1</extrude>
				<coordinates>-78.8725,37.8903,0</coordinates>
			</Point>
		</Placemark>
		<Placemark>
			<name>705</name>
			<visibility>0</visibility>
			<Point>
				<extrude>1</extrude>
				<coordinates>-80.11109999999999,37.5,0</coordinates>
			</Point>
		</Placemark>
		<Placemark>
			<name>706</name>
			<visibility>0</visibility>
			<Point>
				<extrude>1</extrude>
				<coordinates>-80.26220000000001,37.5689,0</coordinates>
			</Point>
		</Placemark>
		<Placemark>
			<name>707</name>
			<visibility>0</visibility>
			<Point>
				<extrude>1</extrude>
				<coordinates>-79.36,37.5336,0</coordinates>
			</Point>
		</Placemark>
		<Placemark>
			<name>708</name>
			<visibility>0</visibility>
			<Point>
				<extrude>1</extrude>
				<coordinates>-79.52330000000001,37.3342,0</coordinates>
			</Point>
		</Placemark>
		<Placemark>
			<name>709</name>
			<visibility>0</visibility>
			<Point>
				<extrude>1</extrude>
				<coordinates>-80.01309999999999,37.2275,0</coordinates>
			</Point>
		</Placemark>
		<Placemark>
			<name>710</name>
			<visibility>0</visibility>
			<Point>
				<extrude>1</extrude>
				<coordinates>-80.05500000000001,37.2933,0</coordinates>
			</Point>
		</Placemark>
		<Placemark>
			<name>711</name>
			<visibility>0</visibility>
			<Point>
				<extrude>1</extrude>
				<coordinates>-79.9417,37.2708,0</coordinates>
			</Point>
		</Placemark>
		<Placemark>
			<name>712</name>
			<visibility>0</visibility>
			<Point>
				<extrude>1</extrude>
				<coordinates>-80.15000000000001,36.8875,0</coordinates>
			</Point>
		</Placemark>
		<Placemark>
			<name>713</name>
			<visibility>0</visibility>
			<Point>
				<extrude>1</extrude>
				<coordinates>-79.8655,36.8919,0</coordinates>
			</Point>
		</Placemark>
		<Placemark>
			<name>714</name>
			<visibility>0</visibility>
			<Point>
				<extrude>1</extrude>
				<coordinates>-80.7139,36.9686,0</coordinates>
			</Point>
		</Placemark>
		<Placemark>
			<name>715</name>
			<visibility>0</visibility>
			<Point>
				<extrude>1</extrude>
				<coordinates>-80.7475,37.0058,0</coordinates>
			</Point>
		</Placemark>
		<Placemark>
			<name>716</name>
			<visibility>0</visibility>
			<Point>
				<extrude>1</extrude>
				<coordinates>-80.3203,36.9111,0</coordinates>
			</Point>
		</Placemark>
		<Placemark>
			<name>717</name>
			<visibility>0</visibility>
			<Point>
				<extrude>1</extrude>
				<coordinates>-80.37949999999999,37.0033,0</coordinates>
			</Point>
		</Placemark>
		<Placemark>
			<name>718</name>
			<visibility>0</visibility>
			<Point>
				<extrude>1</extrude>
				<coordinates>-80.00749999999999,36.6197,0</coordinates>
			</Point>
		</Placemark>
		<Placemark>
			<name>719</name>
			<visibility>0</visibility>
			<Point>
				<extrude>1</extrude>
				<coordinates>-79.8586,36.5767,0</coordinates>
			</Point>
		</Placemark>
		<Placemark>
			<name>720</name>
			<visibility>0</visibility>
			<Point>
				<extrude>1</extrude>
				<coordinates>-81.1164,37.1019,0</coordinates>
			</Point>
		</Placemark>
		<Placemark>
			<name>721</name>
			<visibility>0</visibility>
			<Point>
				<extrude>1</extrude>
				<coordinates>-81.1125,37.0972,0</coordinates>
			</Point>
		</Placemark>
		<Placemark>
			<name>722</name>
			<visibility>0</visibility>
			<Point>
				<extrude>1</extrude>
				<coordinates>-81.1511,36.6222,0</coordinates>
			</Point>
		</Placemark>
		<Placemark>
			<name>723</name>
			<visibility>0</visibility>
			<Point>
				<extrude>1</extrude>
				<coordinates>-81.1772,36.7214,0</coordinates>
			</Point>
		</Placemark>
		<Placemark>
			<name>724</name>
			<visibility>0</visibility>
			<Point>
				<extrude>1</extrude>
				<coordinates>-81.99639999999999,37.3208,0</coordinates>
			</Point>
		</Placemark>
		<Placemark>
			<name>725</name>
			<visibility>0</visibility>
			<Point>
				<extrude>1</extrude>
				<coordinates>-81.85720000000001,37.2356,0</coordinates>
			</Point>
		</Placemark>
		<Placemark>
			<name>726</name>
			<visibility>0</visibility>
			<Point>
				<extrude>1</extrude>
				<coordinates>-82.27970000000001,36.89,0</coordinates>
			</Point>
		</Placemark>
		<Placemark>
			<name>727</name>
			<visibility>0</visibility>
			<Point>
				<extrude>1</extrude>
				<coordinates>-81.8631,36.7603,0</coordinates>
			</Point>
		</Placemark>
		<Placemark>
			<name>728</name>
			<visibility>0</visibility>
			<Point>
				<extrude>1</extrude>
				<coordinates>-81.97750000000001,36.7097,0</coordinates>
			</Point>
		</Placemark>
		<Placemark>
			<name>729</name>
			<visibility>0</visibility>
			<Point>
				<extrude>1</extrude>
				<coordinates>-83.11109999999999,36.6889,0</coordinates>
			</Point>
		</Placemark>
		<Placemark>
			<name>730</name>
			<visibility>0</visibility>
			<Point>
				<extrude>1</extrude>
				<coordinates>-83.12050000000001,36.6861,0</coordinates>
			</Point>
		</Placemark>
		<Placemark>
			<name>731</name>
			<visibility>0</visibility>
			<Point>
				<extrude>1</extrude>
				<coordinates>-75.9225,36.5133,0</coordinates>
			</Point>
		</Placemark>
		<Placemark>
			<name>732</name>
			<visibility>0</visibility>
			<Point>
				<extrude>1</extrude>
				<coordinates>-75.795,36.0786,0</coordinates>
			</Point>
		</Placemark>
		<Placemark>
			<name>733</name>
			<visibility>0</visibility>
			<Point>
				<extrude>1</extrude>
				<coordinates>-76.1786,36.5244,0</coordinates>
			</Point>
		</Placemark>
		<Placemark>
			<name>734</name>
			<visibility>0</visibility>
			<Point>
				<extrude>1</extrude>
				<coordinates>-76.0856,36.2731,0</coordinates>
			</Point>
		</Placemark>
		<Placemark>
			<name>735</name>
			<visibility>0</visibility>
			<Point>
				<extrude>1</extrude>
				<coordinates>-76.155,36.3478,0</coordinates>
			</Point>
		</Placemark>
		<Placemark>
			<name>736</name>
			<visibility>0</visibility>
			<Point>
				<extrude>1</extrude>
				<coordinates>-76.8536,36.4272,0</coordinates>
			</Point>
		</Placemark>
		<Placemark>
			<name>737</name>
			<visibility>0</visibility>
			<Point>
				<extrude>1</extrude>
				<coordinates>-76.5981,36.3689,0</coordinates>
			</Point>
		</Placemark>
		<Placemark>
			<name>738</name>
			<visibility>0</visibility>
			<Point>
				<extrude>1</extrude>
				<coordinates>-76.355,36.2592,0</coordinates>
			</Point>
		</Placemark>
		<Placemark>
			<name>739</name>
			<visibility>0</visibility>
			<Point>
				<extrude>1</extrude>
				<coordinates>-76.46420000000001,36.2189,0</coordinates>
			</Point>
		</Placemark>
		<Placemark>
			<name>740</name>
			<visibility>0</visibility>
			<Point>
				<extrude>1</extrude>
				<coordinates>-76.60939999999999,36.0605,0</coordinates>
			</Point>
		</Placemark>
		<Placemark>
			<name>741</name>
			<visibility>0</visibility>
			<Point>
				<extrude>1</extrude>
				<coordinates>-76.7689,36.2011,0</coordinates>
			</Point>
		</Placemark>
		<Placemark>
			<name>742</name>
			<visibility>0</visibility>
			<Point>
				<extrude>1</extrude>
				<coordinates>-76.94029999999999,36.1097,0</coordinates>
			</Point>
		</Placemark>
		<Placemark>
			<name>743</name>
			<visibility>0</visibility>
			<Point>
				<extrude>1</extrude>
				<coordinates>-77.3083,35.9636,0</coordinates>
			</Point>
		</Placemark>
		<Placemark>
			<name>744</name>
			<visibility>0</visibility>
			<Point>
				<extrude>1</extrude>
				<coordinates>-77.08329999999999,35.8389,0</coordinates>
			</Point>
		</Placemark>
		<Placemark>
			<name>745</name>
			<visibility>0</visibility>
			<Point>
				<extrude>1</extrude>
				<coordinates>-77.0558,35.8544,0</coordinates>
			</Point>
		</Placemark>
		<Placemark>
			<name>746</name>
			<visibility>0</visibility>
			<Point>
				<extrude>1</extrude>
				<coordinates>-76.2525,35.9175,0</coordinates>
			</Point>
		</Placemark>
		<Placemark>
			<name>747</name>
			<visibility>0</visibility>
			<Point>
				<extrude>1</extrude>
				<coordinates>-76.2458,35.9222,0</coordinates>
			</Point>
		</Placemark>
		<Placemark>
			<name>748</name>
			<visibility>0</visibility>
			<Point>
				<extrude>1</extrude>
				<coordinates>-75.70610000000001,36.0645,0</coordinates>
			</Point>
		</Placemark>
		<Placemark>
			<name>749</name>
			<visibility>0</visibility>
			<Point>
				<extrude>1</extrude>
				<coordinates>-75.4683,35.5933,0</coordinates>
			</Point>
		</Placemark>
		<Placemark>
			<name>750</name>
			<visibility>0</visibility>
			<Point>
				<extrude>1</extrude>
				<coordinates>-75.67610000000001,35.9081,0</coordinates>
			</Point>
		</Placemark>
		<Placemark>
			<name>751</name>
			<visibility>0</visibility>
			<Point>
				<extrude>1</extrude>
				<coordinates>-76.0125,35.4781,0</coordinates>
			</Point>
		</Placemark>
		<Placemark>
			<name>752</name>
			<visibility>0</visibility>
			<Point>
				<extrude>1</extrude>
				<coordinates>-76.32940000000001,35.4061,0</coordinates>
			</Point>
		</Placemark>
		<Placemark>
			<name>753</name>
			<visibility>0</visibility>
			<Point>
				<extrude>1</extrude>
				<coordinates>-76.97029999999999,35.5342,0</coordinates>
			</Point>
		</Placemark>
		<Placemark>
			<name>754</name>
			<visibility>0</visibility>
			<Point>
				<extrude>1</extrude>
				<coordinates>-77.05249999999999,35.5464,0</coordinates>
			</Point>
		</Placemark>
		<Placemark>
			<name>755</name>
			<visibility>0</visibility>
			<Point>
				<extrude>1</extrude>
				<coordinates>-76.6289,35.0956,0</coordinates>
			</Point>
		</Placemark>
		<Placemark>
			<name>756</name>
			<visibility>0</visibility>
			<Point>
				<extrude>1</extrude>
				<coordinates>-76.71469999999999,35.0978,0</coordinates>
			</Point>
		</Placemark>
		<Placemark>
			<name>757</name>
			<visibility>0</visibility>
			<Point>
				<extrude>1</extrude>
				<coordinates>-76.90170000000001,34.8789,0</coordinates>
			</Point>
		</Placemark>
		<Placemark>
			<name>758</name>
			<visibility>0</visibility>
			<Point>
				<extrude>1</extrude>
				<coordinates>-77.0733,35.2533,0</coordinates>
			</Point>
		</Placemark>
		<Placemark>
			<name>759</name>
			<visibility>0</visibility>
			<Point>
				<extrude>1</extrude>
				<coordinates>-77.1544,35.3083,0</coordinates>
			</Point>
		</Placemark>
		<Placemark>
			<name>760</name>
			<visibility>0</visibility>
			<Point>
				<extrude>1</extrude>
				<coordinates>-77.0444,35.1083,0</coordinates>
			</Point>
		</Placemark>
		<Placemark>
			<name>761</name>
			<visibility>0</visibility>
			<Point>
				<extrude>1</extrude>
				<coordinates>-77.26220000000001,35.4478,0</coordinates>
			</Point>
		</Placemark>
		<Placemark>
			<name>762</name>
			<visibility>0</visibility>
			<Point>
				<extrude>1</extrude>
				<coordinates>-77.4014,35.5289,0</coordinates>
			</Point>
		</Placemark>
		<Placemark>
			<name>763</name>
			<visibility>0</visibility>
			<Point>
				<extrude>1</extrude>
				<coordinates>-77.3792,35.807,0</coordinates>
			</Point>
		</Placemark>
		<Placemark>
			<name>764</name>
			<visibility>0</visibility>
			<Point>
				<extrude>1</extrude>
				<coordinates>-77.7025,35.4011,0</coordinates>
			</Point>
		</Placemark>
		<Placemark>
			<name>765</name>
			<visibility>0</visibility>
			<Point>
				<extrude>1</extrude>
				<coordinates>-77.6814,35.4514,0</coordinates>
			</Point>
		</Placemark>
		<Placemark>
			<name>766</name>
			<visibility>0</visibility>
			<Point>
				<extrude>1</extrude>
				<coordinates>-78.0378,35.2672,0</coordinates>
			</Point>
		</Placemark>
		<Placemark>
			<name>767</name>
			<visibility>0</visibility>
			<Point>
				<extrude>1</extrude>
				<coordinates>-78.0667,35.1964,0</coordinates>
			</Point>
		</Placemark>
		<Placemark>
			<name>768</name>
			<visibility>0</visibility>
			<Point>
				<extrude>1</extrude>
				<coordinates>-77.8167,34.8308,0</coordinates>
			</Point>
		</Placemark>
		<Placemark>
			<name>769</name>
			<visibility>0</visibility>
			<Point>
				<extrude>1</extrude>
				<coordinates>-78.0406,35.0633,0</coordinates>
			</Point>
		</Placemark>
		<Placemark>
			<name>770</name>
			<visibility>0</visibility>
			<Point>
				<extrude>1</extrude>
				<coordinates>-77.5911,35.0667,0</coordinates>
			</Point>
		</Placemark>
		<Placemark>
			<name>771</name>
			<visibility>0</visibility>
			<Point>
				<extrude>1</extrude>
				<coordinates>-77.3531,35.0669,0</coordinates>
			</Point>
		</Placemark>
		<Placemark>
			<name>772</name>
			<visibility>0</visibility>
			<Point>
				<extrude>1</extrude>
				<coordinates>-76.3092,34.9922,0</coordinates>
			</Point>
		</Placemark>
		<Placemark>
			<name>773</name>
			<visibility>0</visibility>
			<Point>
				<extrude>1</extrude>
				<coordinates>-76.55970000000001,34.695,0</coordinates>
			</Point>
		</Placemark>
		<Placemark>
			<name>774</name>
			<visibility>0</visibility>
			<Point>
				<extrude>1</extrude>
				<coordinates>-76.5714,34.7289,0</coordinates>
			</Point>
		</Placemark>
		<Placemark>
			<name>775</name>
			<visibility>0</visibility>
			<Point>
				<extrude>1</extrude>
				<coordinates>-77.2317,34.9047,0</coordinates>
			</Point>
		</Placemark>
		<Placemark>
			<name>776</name>
			<visibility>0</visibility>
			<Point>
				<extrude>1</extrude>
				<coordinates>-77.4306,34.7539,0</coordinates>
			</Point>
		</Placemark>
		<Placemark>
			<name>777</name>
			<visibility>0</visibility>
			<Point>
				<extrude>1</extrude>
				<coordinates>-78.1014,34.4625,0</coordinates>
			</Point>
		</Placemark>
		<Placemark>
			<name>778</name>
			<visibility>0</visibility>
			<Point>
				<extrude>1</extrude>
				<coordinates>-77.9264,34.5519,0</coordinates>
			</Point>
		</Placemark>
		<Placemark>
			<name>779</name>
			<visibility>0</visibility>
			<Point>
				<extrude>1</extrude>
				<coordinates>-77.94499999999999,34.2256,0</coordinates>
			</Point>
		</Placemark>
		<Placemark>
			<name>780</name>
			<visibility>0</visibility>
			<Point>
				<extrude>1</extrude>
				<coordinates>-77.8819,34.1345,0</coordinates>
			</Point>
		</Placemark>
		<Placemark>
			<name>781</name>
			<visibility>0</visibility>
			<Point>
				<extrude>1</extrude>
				<coordinates>-77.91670000000001,34.2403,0</coordinates>
			</Point>
		</Placemark>
		<Placemark>
			<name>782</name>
			<visibility>0</visibility>
			<Point>
				<extrude>1</extrude>
				<coordinates>-77.89449999999999,34.1722,0</coordinates>
			</Point>
		</Placemark>
		<Placemark>
			<name>783</name>
			<visibility>0</visibility>
			<Point>
				<extrude>1</extrude>
				<coordinates>-78.5686,33.8906,0</coordinates>
			</Point>
		</Placemark>
		<Placemark>
			<name>784</name>
			<visibility>0</visibility>
			<Point>
				<extrude>1</extrude>
				<coordinates>-78.53749999999999,34.1069,0</coordinates>
			</Point>
		</Placemark>
		<Placemark>
			<name>785</name>
			<visibility>0</visibility>
			<Point>
				<extrude>1</extrude>
				<coordinates>-78.26779999999999,34.0175,0</coordinates>
			</Point>
		</Placemark>
		<Placemark>
			<name>786</name>
			<visibility>0</visibility>
			<Point>
				<extrude>1</extrude>
				<coordinates>-78.1833,34.9922,0</coordinates>
			</Point>
		</Placemark>
		<Placemark>
			<name>787</name>
			<visibility>0</visibility>
			<Point>
				<extrude>1</extrude>
				<coordinates>-78.3236,34.9978,0</coordinates>
			</Point>
		</Placemark>
		<Placemark>
			<name>788</name>
			<visibility>0</visibility>
			<Point>
				<extrude>1</extrude>
				<coordinates>-78.19029999999999,34.9986,0</coordinates>
			</Point>
		</Placemark>
		<Placemark>
			<name>789</name>
			<visibility>0</visibility>
			<Point>
				<extrude>1</extrude>
				<coordinates>-78.75749999999999,34.9558,0</coordinates>
			</Point>
		</Placemark>
		<Placemark>
			<name>790</name>
			<visibility>0</visibility>
			<Point>
				<extrude>1</extrude>
				<coordinates>-78.9456,34.9703,0</coordinates>
			</Point>
		</Placemark>
		<Placemark>
			<name>791</name>
			<visibility>0</visibility>
			<Point>
				<extrude>1</extrude>
				<coordinates>-78.87860000000001,35.0525,0</coordinates>
			</Point>
		</Placemark>
		<Placemark>
			<name>792</name>
			<visibility>0</visibility>
			<Point>
				<extrude>1</extrude>
				<coordinates>-78.7878,34.5386,0</coordinates>
			</Point>
		</Placemark>
		<Placemark>
			<name>793</name>
			<visibility>0</visibility>
			<Point>
				<extrude>1</extrude>
				<coordinates>-78.60550000000001,34.6292,0</coordinates>
			</Point>
		</Placemark>
		<Placemark>
			<name>794</name>
			<visibility>0</visibility>
			<Point>
				<extrude>1</extrude>
				<coordinates>-78.5975,34.1678,0</coordinates>
			</Point>
		</Placemark>
		<Placemark>
			<name>795</name>
			<visibility>0</visibility>
			<Point>
				<extrude>1</extrude>
				<coordinates>-78.9494,34.4389,0</coordinates>
			</Point>
		</Placemark>
		<Placemark>
			<name>796</name>
			<visibility>0</visibility>
			<Point>
				<extrude>1</extrude>
				<coordinates>-78.7033,34.3386,0</coordinates>
			</Point>
		</Placemark>
		<Placemark>
			<name>797</name>
			<visibility>0</visibility>
			<Point>
				<extrude>1</extrude>
				<coordinates>-79.1953,34.68,0</coordinates>
			</Point>
		</Placemark>
		<Placemark>
			<name>798</name>
			<visibility>0</visibility>
			<Point>
				<extrude>1</extrude>
				<coordinates>-79.0089,34.6181,0</coordinates>
			</Point>
		</Placemark>
		<Placemark>
			<name>799</name>
			<visibility>0</visibility>
			<Point>
				<extrude>1</extrude>
				<coordinates>-77.22920000000001,36.4369,0</coordinates>
			</Point>
		</Placemark>
		<Placemark>
			<name>800</name>
			<visibility>0</visibility>
			<Point>
				<extrude>1</extrude>
				<coordinates>-77.3058,36.35,0</coordinates>
			</Point>
		</Placemark>
		<Placemark>
			<name>801</name>
			<visibility>0</visibility>
			<Point>
				<extrude>1</extrude>
				<coordinates>-77.9361,36.2558,0</coordinates>
			</Point>
		</Placemark>
		<Placemark>
			<name>802</name>
			<visibility>0</visibility>
			<Point>
				<extrude>1</extrude>
				<coordinates>-77.7183,36.3186,0</coordinates>
			</Point>
		</Placemark>
		<Placemark>
			<name>803</name>
			<visibility>0</visibility>
			<Point>
				<extrude>1</extrude>
				<coordinates>-77.8167,35.9381,0</coordinates>
			</Point>
		</Placemark>
		<Placemark>
			<name>804</name>
			<visibility>0</visibility>
			<Point>
				<extrude>1</extrude>
				<coordinates>-77.5361,35.8967,0</coordinates>
			</Point>
		</Placemark>
		<Placemark>
			<name>805</name>
			<visibility>0</visibility>
			<Point>
				<extrude>1</extrude>
				<coordinates>-77.9333,35.635,0</coordinates>
			</Point>
		</Placemark>
		<Placemark>
			<name>806</name>
			<visibility>0</visibility>
			<Point>
				<extrude>1</extrude>
				<coordinates>-77.87,35.655,0</coordinates>
			</Point>
		</Placemark>
		<Placemark>
			<name>807</name>
			<visibility>0</visibility>
			<Point>
				<extrude>1</extrude>
				<coordinates>-78.33969999999999,35.5083,0</coordinates>
			</Point>
		</Placemark>
		<Placemark>
			<name>808</name>
			<visibility>0</visibility>
			<Point>
				<extrude>1</extrude>
				<coordinates>-78.3625,35.5,0</coordinates>
			</Point>
		</Placemark>
		<Placemark>
			<name>809</name>
			<visibility>0</visibility>
			<Point>
				<extrude>1</extrude>
				<coordinates>-78.91719999999999,35.2833,0</coordinates>
			</Point>
		</Placemark>
		<Placemark>
			<name>810</name>
			<visibility>0</visibility>
			<Point>
				<extrude>1</extrude>
				<coordinates>-78.6764,35.3267,0</coordinates>
			</Point>
		</Placemark>
		<Placemark>
			<name>811</name>
			<visibility>0</visibility>
			<Point>
				<extrude>1</extrude>
				<coordinates>-79.3664,34.8878,0</coordinates>
			</Point>
		</Placemark>
		<Placemark>
			<name>812</name>
			<visibility>0</visibility>
			<Point>
				<extrude>1</extrude>
				<coordinates>-79.54810000000001,34.8089,0</coordinates>
			</Point>
		</Placemark>
		<Placemark>
			<name>813</name>
			<visibility>0</visibility>
			<Point>
				<extrude>1</extrude>
				<coordinates>-79.6108,34.7589,0</coordinates>
			</Point>
		</Placemark>
		<Placemark>
			<name>814</name>
			<visibility>0</visibility>
			<Point>
				<extrude>1</extrude>
				<coordinates>-78.1711,36.4864,0</coordinates>
			</Point>
		</Placemark>
		<Placemark>
			<name>815</name>
			<visibility>0</visibility>
			<Point>
				<extrude>1</extrude>
				<coordinates>-78.0694,36.3472,0</coordinates>
			</Point>
		</Placemark>
		<Placemark>
			<name>816</name>
			<visibility>0</visibility>
			<Point>
				<extrude>1</extrude>
				<coordinates>-78.2525,36.1714,0</coordinates>
			</Point>
		</Placemark>
		<Placemark>
			<name>817</name>
			<visibility>0</visibility>
			<Point>
				<extrude>1</extrude>
				<coordinates>-78.2539,35.9608,0</coordinates>
			</Point>
		</Placemark>
		<Placemark>
			<name>818</name>
			<visibility>0</visibility>
			<Point>
				<extrude>1</extrude>
				<coordinates>-78.2458,35.95,0</coordinates>
			</Point>
		</Placemark>
		<Placemark>
			<name>819</name>
			<visibility>0</visibility>
			<Point>
				<extrude>1</extrude>
				<coordinates>-78.5911,36.3105,0</coordinates>
			</Point>
		</Placemark>
		<Placemark>
			<name>820</name>
			<visibility>0</visibility>
			<Point>
				<extrude>1</extrude>
				<coordinates>-78.5706,36.4481,0</coordinates>
			</Point>
		</Placemark>
		<Placemark>
			<name>821</name>
			<visibility>0</visibility>
			<Point>
				<extrude>1</extrude>
				<coordinates>-78.7814,35.7914,0</coordinates>
			</Point>
		</Placemark>
		<Placemark>
			<name>822</name>
			<visibility>0</visibility>
			<Point>
				<extrude>1</extrude>
				<coordinates>-78.7264,35.9069,0</coordinates>
			</Point>
		</Placemark>
		<Placemark>
			<name>823</name>
			<visibility>0</visibility>
			<Point>
				<extrude>1</extrude>
				<coordinates>-78.63890000000001,35.7719,0</coordinates>
			</Point>
		</Placemark>
		<Placemark>
			<name>824</name>
			<visibility>0</visibility>
			<Point>
				<extrude>1</extrude>
				<coordinates>-79.46250000000001,35.7233,0</coordinates>
			</Point>
		</Placemark>
		<Placemark>
			<name>825</name>
			<visibility>0</visibility>
			<Point>
				<extrude>1</extrude>
				<coordinates>-79.4633,35.5678,0</coordinates>
			</Point>
		</Placemark>
		<Placemark>
			<name>826</name>
			<visibility>0</visibility>
			<Point>
				<extrude>1</extrude>
				<coordinates>-79.16800000000001,36.1675,0</coordinates>
			</Point>
		</Placemark>
		<Placemark>
			<name>827</name>
			<visibility>0</visibility>
			<Point>
				<extrude>1</extrude>
				<coordinates>-79.1942,35.9758,0</coordinates>
			</Point>
		</Placemark>
		<Placemark>
			<name>828</name>
			<visibility>0</visibility>
			<Point>
				<extrude>1</extrude>
				<coordinates>-79.3364,36.4039,0</coordinates>
			</Point>
		</Placemark>
		<Placemark>
			<name>829</name>
			<visibility>0</visibility>
			<Point>
				<extrude>1</extrude>
				<coordinates>-79.6647,36.3547,0</coordinates>
			</Point>
		</Placemark>
		<Placemark>
			<name>830</name>
			<visibility>0</visibility>
			<Point>
				<extrude>1</extrude>
				<coordinates>-79.7747,36.4,0</coordinates>
			</Point>
		</Placemark>
		<Placemark>
			<name>831</name>
			<visibility>0</visibility>
			<Point>
				<extrude>1</extrude>
				<coordinates>-79.88890000000001,36.0897,0</coordinates>
			</Point>
		</Placemark>
		<Placemark>
			<name>832</name>
			<visibility>0</visibility>
			<Point>
				<extrude>1</extrude>
				<coordinates>-79.895,36.0833,0</coordinates>
			</Point>
		</Placemark>
		<Placemark>
			<name>833</name>
			<visibility>0</visibility>
			<Point>
				<extrude>1</extrude>
				<coordinates>-79.79219999999999,36.0725,0</coordinates>
			</Point>
		</Placemark>
		<Placemark>
			<name>834</name>
			<visibility>0</visibility>
			<Point>
				<extrude>1</extrude>
				<coordinates>-79.86109999999999,35.8231,0</coordinates>
			</Point>
		</Placemark>
		<Placemark>
			<name>835</name>
			<visibility>0</visibility>
			<Point>
				<extrude>1</extrude>
				<coordinates>-80.0822,35.8825,0</coordinates>
			</Point>
		</Placemark>
		<Placemark>
			<name>836</name>
			<visibility>0</visibility>
			<Point>
				<extrude>1</extrude>
				<coordinates>-80.3383,35.5211,0</coordinates>
			</Point>
		</Placemark>
		<Placemark>
			<name>837</name>
			<visibility>0</visibility>
			<Point>
				<extrude>1</extrude>
				<coordinates>-80.4875,35.6833,0</coordinates>
			</Point>
		</Placemark>
		<Placemark>
			<name>838</name>
			<visibility>0</visibility>
			<Point>
				<extrude>1</extrude>
				<coordinates>-80.4744,35.6708,0</coordinates>
			</Point>
		</Placemark>
		<Placemark>
			<name>839</name>
			<visibility>0</visibility>
			<Point>
				<extrude>1</extrude>
				<coordinates>-79.7778,35.4708,0</coordinates>
			</Point>
		</Placemark>
		<Placemark>
			<name>840</name>
			<visibility>0</visibility>
			<Point>
				<extrude>1</extrude>
				<coordinates>-79.7311,35.2153,0</coordinates>
			</Point>
		</Placemark>
		<Placemark>
			<name>841</name>
			<visibility>0</visibility>
			<Point>
				<extrude>1</extrude>
				<coordinates>-80.07689999999999,34.9681,0</coordinates>
			</Point>
		</Placemark>
		<Placemark>
			<name>842</name>
			<visibility>0</visibility>
			<Point>
				<extrude>1</extrude>
				<coordinates>-79.8897,34.935,0</coordinates>
			</Point>
		</Placemark>
		<Placemark>
			<name>843</name>
			<visibility>0</visibility>
			<Point>
				<extrude>1</extrude>
				<coordinates>-80.0014,34.8639,0</coordinates>
			</Point>
		</Placemark>
		<Placemark>
			<name>844</name>
			<visibility>0</visibility>
			<Point>
				<extrude>1</extrude>
				<coordinates>-80.3672,34.9883,0</coordinates>
			</Point>
		</Placemark>
		<Placemark>
			<name>845</name>
			<visibility>0</visibility>
			<Point>
				<extrude>1</extrude>
				<coordinates>-80.4494,34.9842,0</coordinates>
			</Point>
		</Placemark>
		<Placemark>
			<name>846</name>
			<visibility>0</visibility>
			<Point>
				<extrude>1</extrude>
				<coordinates>-80.5797,35.4086,0</coordinates>
			</Point>
		</Placemark>
		<Placemark>
			<name>847</name>
			<visibility>0</visibility>
			<Point>
				<extrude>1</extrude>
				<coordinates>-80.595,35.4417,0</coordinates>
			</Point>
		</Placemark>
		<Placemark>
			<name>848</name>
			<visibility>0</visibility>
			<Point>
				<extrude>1</extrude>
				<coordinates>-80.64749999999999,35.1794,0</coordinates>
			</Point>
		</Placemark>
		<Placemark>
			<name>849</name>
			<visibility>0</visibility>
			<Point>
				<extrude>1</extrude>
				<coordinates>-80.81440000000001,35.4669,0</coordinates>
			</Point>
		</Placemark>
		<Placemark>
			<name>850</name>
			<visibility>0</visibility>
			<Point>
				<extrude>1</extrude>
				<coordinates>-80.8433,35.2269,0</coordinates>
			</Point>
		</Placemark>
		<Placemark>
			<name>851</name>
			<visibility>0</visibility>
			<Point>
				<extrude>1</extrude>
				<coordinates>-80.20610000000001,36.4092,0</coordinates>
			</Point>
		</Placemark>
		<Placemark>
			<name>852</name>
			<visibility>0</visibility>
			<Point>
				<extrude>1</extrude>
				<coordinates>-80.21939999999999,36.4111,0</coordinates>
			</Point>
		</Placemark>
		<Placemark>
			<name>853</name>
			<visibility>0</visibility>
			<Point>
				<extrude>1</extrude>
				<coordinates>-80.6075,36.4992,0</coordinates>
			</Point>
		</Placemark>
		<Placemark>
			<name>854</name>
			<visibility>0</visibility>
			<Point>
				<extrude>1</extrude>
				<coordinates>-80.8381,36.4822,0</coordinates>
			</Point>
		</Placemark>
		<Placemark>
			<name>855</name>
			<visibility>0</visibility>
			<Point>
				<extrude>1</extrude>
				<coordinates>-80.70829999999999,36.2325,0</coordinates>
			</Point>
		</Placemark>
		<Placemark>
			<name>856</name>
			<visibility>0</visibility>
			<Point>
				<extrude>1</extrude>
				<coordinates>-80.3717,36.2381,0</coordinates>
			</Point>
		</Placemark>
		<Placemark>
			<name>857</name>
			<visibility>0</visibility>
			<Point>
				<extrude>1</extrude>
				<coordinates>-80.9567,36.0147,0</coordinates>
			</Point>
		</Placemark>
		<Placemark>
			<name>858</name>
			<visibility>0</visibility>
			<Point>
				<extrude>1</extrude>
				<coordinates>-80.8875,35.7825,0</coordinates>
			</Point>
		</Placemark>
		<Placemark>
			<name>859</name>
			<visibility>0</visibility>
			<Point>
				<extrude>1</extrude>
				<coordinates>-81.4931,36.4036,0</coordinates>
			</Point>
		</Placemark>
		<Placemark>
			<name>860</name>
			<visibility>0</visibility>
			<Point>
				<extrude>1</extrude>
				<coordinates>-81.38890000000001,36.4489,0</coordinates>
			</Point>
		</Placemark>
		<Placemark>
			<name>861</name>
			<visibility>0</visibility>
			<Point>
				<extrude>1</extrude>
				<coordinates>-81.61920000000001,36.2353,0</coordinates>
			</Point>
		</Placemark>
		<Placemark>
			<name>862</name>
			<visibility>0</visibility>
			<Point>
				<extrude>1</extrude>
				<coordinates>-81.16079999999999,36.1458,0</coordinates>
			</Point>
		</Placemark>
		<Placemark>
			<name>863</name>
			<visibility>0</visibility>
			<Point>
				<extrude>1</extrude>
				<coordinates>-81.4092,35.5861,0</coordinates>
			</Point>
		</Placemark>
		<Placemark>
			<name>864</name>
			<visibility>0</visibility>
			<Point>
				<extrude>1</extrude>
				<coordinates>-81.34139999999999,35.7331,0</coordinates>
			</Point>
		</Placemark>
		<Placemark>
			<name>865</name>
			<visibility>0</visibility>
			<Point>
				<extrude>1</extrude>
				<coordinates>-81.6747,35.9256,0</coordinates>
			</Point>
		</Placemark>
		<Placemark>
			<name>866</name>
			<visibility>0</visibility>
			<Point>
				<extrude>1</extrude>
				<coordinates>-81.4019,35.9922,0</coordinates>
			</Point>
		</Placemark>
		<Placemark>
			<name>867</name>
			<visibility>0</visibility>
			<Point>
				<extrude>1</extrude>
				<coordinates>-81.5633,35.4139,0</coordinates>
			</Point>
		</Placemark>
		<Placemark>
			<name>868</name>
			<visibility>0</visibility>
			<Point>
				<extrude>1</extrude>
				<coordinates>-81.66719999999999,35.2542,0</coordinates>
			</Point>
		</Placemark>
		<Placemark>
			<name>869</name>
			<visibility>0</visibility>
			<Point>
				<extrude>1</extrude>
				<coordinates>-82.19499999999999,36.1083,0</coordinates>
			</Point>
		</Placemark>
		<Placemark>
			<name>870</name>
			<visibility>0</visibility>
			<Point>
				<extrude>1</extrude>
				<coordinates>-82.1589,36.0156,0</coordinates>
			</Point>
		</Placemark>
		<Placemark>
			<name>871</name>
			<visibility>0</visibility>
			<Point>
				<extrude>1</extrude>
				<coordinates>-81.98220000000001,35.6144,0</coordinates>
			</Point>
		</Placemark>
		<Placemark>
			<name>872</name>
			<visibility>0</visibility>
			<Point>
				<extrude>1</extrude>
				<coordinates>-82.0975,35.6647,0</coordinates>
			</Point>
		</Placemark>
		<Placemark>
			<name>873</name>
			<visibility>0</visibility>
			<Point>
				<extrude>1</extrude>
				<coordinates>-82.1614,35.2975,0</coordinates>
			</Point>
		</Placemark>
		<Placemark>
			<name>874</name>
			<visibility>0</visibility>
			<Point>
				<extrude>1</extrude>
				<coordinates>-82.3494,35.2361,0</coordinates>
			</Point>
		</Placemark>
		<Placemark>
			<name>875</name>
			<visibility>0</visibility>
			<Point>
				<extrude>1</extrude>
				<coordinates>-82.6842,35.7972,0</coordinates>
			</Point>
		</Placemark>
		<Placemark>
			<name>876</name>
			<visibility>0</visibility>
			<Point>
				<extrude>1</extrude>
				<coordinates>-82.7389,35.8494,0</coordinates>
			</Point>
		</Placemark>
		<Placemark>
			<name>877</name>
			<visibility>0</visibility>
			<Point>
				<extrude>1</extrude>
				<coordinates>-82.40689999999999,35.7536,0</coordinates>
			</Point>
		</Placemark>
		<Placemark>
			<name>878</name>
			<visibility>0</visibility>
			<Point>
				<extrude>1</extrude>
				<coordinates>-82.693,35.5364,0</coordinates>
			</Point>
		</Placemark>
		<Placemark>
			<name>879</name>
			<visibility>0</visibility>
			<Point>
				<extrude>1</extrude>
				<coordinates>-82.55419999999999,35.6008,0</coordinates>
			</Point>
		</Placemark>
		<Placemark>
			<name>880</name>
			<visibility>0</visibility>
			<Point>
				<extrude>1</extrude>
				<coordinates>-82.7003,35.2542,0</coordinates>
			</Point>
		</Placemark>
		<Placemark>
			<name>881</name>
			<visibility>0</visibility>
			<Point>
				<extrude>1</extrude>
				<coordinates>-82.73439999999999,35.2333,0</coordinates>
			</Point>
		</Placemark>
		<Placemark>
			<name>882</name>
			<visibility>0</visibility>
			<Point>
				<extrude>1</extrude>
				<coordinates>-83.7264,35.4733,0</coordinates>
			</Point>
		</Placemark>
		<Placemark>
			<name>883</name>
			<visibility>0</visibility>
			<Point>
				<extrude>1</extrude>
				<coordinates>-83.44750000000001,35.4308,0</coordinates>
			</Point>
		</Placemark>
		<Placemark>
			<name>884</name>
			<visibility>0</visibility>
			<Point>
				<extrude>1</extrude>
				<coordinates>-83.197,35.0525,0</coordinates>
			</Point>
		</Placemark>
		<Placemark>
			<name>885</name>
			<visibility>0</visibility>
			<Point>
				<extrude>1</extrude>
				<coordinates>-83.3817,35.1822,0</coordinates>
			</Point>
		</Placemark>
		<Placemark>
			<name>886</name>
			<visibility>0</visibility>
			<Point>
				<extrude>1</extrude>
				<coordinates>-84.0453,35.1675,0</coordinates>
			</Point>
		</Placemark>
		<Placemark>
			<name>887</name>
			<visibility>0</visibility>
			<Point>
				<extrude>1</extrude>
				<coordinates>-83.94280000000001,35.0939,0</coordinates>
			</Point>
		</Placemark>
		<Placemark>
			<name>888</name>
			<visibility>0</visibility>
			<Point>
				<extrude>1</extrude>
				<coordinates>-79.0558,33.6064,0</coordinates>
			</Point>
		</Placemark>
		<Placemark>
			<name>889</name>
			<visibility>0</visibility>
			<Point>
				<extrude>1</extrude>
				<coordinates>-79.3931,34.2419,0</coordinates>
			</Point>
		</Placemark>
		<Placemark>
			<name>890</name>
			<visibility>0</visibility>
			<Point>
				<extrude>1</extrude>
				<coordinates>-79.3558,34.0308,0</coordinates>
			</Point>
		</Placemark>
		<Placemark>
			<name>891</name>
			<visibility>0</visibility>
			<Point>
				<extrude>1</extrude>
				<coordinates>-79.4008,34.178,0</coordinates>
			</Point>
		</Placemark>
		<Placemark>
			<name>892</name>
			<visibility>0</visibility>
			<Point>
				<extrude>1</extrude>
				<coordinates>-79.36109999999999,34.0264,0</coordinates>
			</Point>
		</Placemark>
		<Placemark>
			<name>893</name>
			<visibility>0</visibility>
			<Point>
				<extrude>1</extrude>
				<coordinates>-79.9328,33.9353,0</coordinates>
			</Point>
		</Placemark>
		<Placemark>
			<name>894</name>
			<visibility>0</visibility>
			<Point>
				<extrude>1</extrude>
				<coordinates>-79.9442,34.0403,0</coordinates>
			</Point>
		</Placemark>
		<Placemark>
			<name>895</name>
			<visibility>0</visibility>
			<Point>
				<extrude>1</extrude>
				<coordinates>-79.7628,34.1953,0</coordinates>
			</Point>
		</Placemark>
		<Placemark>
			<name>896</name>
			<visibility>0</visibility>
			<Point>
				<extrude>1</extrude>
				<coordinates>-80.2111,33.695,0</coordinates>
			</Point>
		</Placemark>
		<Placemark>
			<name>897</name>
			<visibility>0</visibility>
			<Point>
				<extrude>1</extrude>
				<coordinates>-80.20829999999999,33.7069,0</coordinates>
			</Point>
		</Placemark>
		<Placemark>
			<name>898</name>
			<visibility>0</visibility>
			<Point>
				<extrude>1</extrude>
				<coordinates>-80.2208,33.6889,0</coordinates>
			</Point>
		</Placemark>
		<Placemark>
			<name>899</name>
			<visibility>0</visibility>
			<Point>
				<extrude>1</extrude>
				<coordinates>-79.5611,33.4511,0</coordinates>
			</Point>
		</Placemark>
		<Placemark>
			<name>900</name>
			<visibility>0</visibility>
			<Point>
				<extrude>1</extrude>
				<coordinates>-79.8308,33.6675,0</coordinates>
			</Point>
		</Placemark>
		<Placemark>
			<name>901</name>
			<visibility>0</visibility>
			<Point>
				<extrude>1</extrude>
				<coordinates>-79.8175,33.7083,0</coordinates>
			</Point>
		</Placemark>
		<Placemark>
			<name>902</name>
			<visibility>0</visibility>
			<Point>
				<extrude>1</extrude>
				<coordinates>-79.8417,33.6917,0</coordinates>
			</Point>
		</Placemark>
		<Placemark>
			<name>903</name>
			<visibility>0</visibility>
			<Point>
				<extrude>1</extrude>
				<coordinates>-79.2792,33.3611,0</coordinates>
			</Point>
		</Placemark>
		<Placemark>
			<name>904</name>
			<visibility>0</visibility>
			<Point>
				<extrude>1</extrude>
				<coordinates>-79.3308,33.6178,0</coordinates>
			</Point>
		</Placemark>
		<Placemark>
			<name>905</name>
			<visibility>0</visibility>
			<Point>
				<extrude>1</extrude>
				<coordinates>-79.21550000000001,33.5553,0</coordinates>
			</Point>
		</Placemark>
		<Placemark>
			<name>906</name>
			<visibility>0</visibility>
			<Point>
				<extrude>1</extrude>
				<coordinates>-79.1217,33.4331,0</coordinates>
			</Point>
		</Placemark>
		<Placemark>
			<name>907</name>
			<visibility>0</visibility>
			<Point>
				<extrude>1</extrude>
				<coordinates>-79.29470000000001,33.3767,0</coordinates>
			</Point>
		</Placemark>
		<Placemark>
			<name>908</name>
			<visibility>0</visibility>
			<Point>
				<extrude>1</extrude>
				<coordinates>-79.2972,33.3667,0</coordinates>
			</Point>
		</Placemark>
		<Placemark>
			<name>909</name>
			<visibility>0</visibility>
			<Point>
				<extrude>1</extrude>
				<coordinates>-79.307,33.3833,0</coordinates>
			</Point>
		</Placemark>
		<Placemark>
			<name>910</name>
			<visibility>0</visibility>
			<Point>
				<extrude>1</extrude>
				<coordinates>-79.3,33.3875,0</coordinates>
			</Point>
		</Placemark>
		<Placemark>
			<name>911</name>
			<visibility>0</visibility>
			<Point>
				<extrude>1</extrude>
				<coordinates>-79.2889,33.3917,0</coordinates>
			</Point>
		</Placemark>
		<Placemark>
			<name>912</name>
			<visibility>0</visibility>
			<Point>
				<extrude>1</extrude>
				<coordinates>-79.28060000000001,33.3722,0</coordinates>
			</Point>
		</Placemark>
		<Placemark>
			<name>913</name>
			<visibility>0</visibility>
			<Point>
				<extrude>1</extrude>
				<coordinates>-79.9581,33.3053,0</coordinates>
			</Point>
		</Placemark>
		<Placemark>
			<name>914</name>
			<visibility>0</visibility>
			<Point>
				<extrude>1</extrude>
				<coordinates>-79.8036,33.0964,0</coordinates>
			</Point>
		</Placemark>
		<Placemark>
			<name>915</name>
			<visibility>0</visibility>
			<Point>
				<extrude>1</extrude>
				<coordinates>-79.92189999999999,33.4042,0</coordinates>
			</Point>
		</Placemark>
		<Placemark>
			<name>916</name>
			<visibility>0</visibility>
			<Point>
				<extrude>1</extrude>
				<coordinates>-80.1758,33.0183,0</coordinates>
			</Point>
		</Placemark>
		<Placemark>
			<name>917</name>
			<visibility>0</visibility>
			<Point>
				<extrude>1</extrude>
				<coordinates>-80.1486,33.3272,0</coordinates>
			</Point>
		</Placemark>
		<Placemark>
			<name>918</name>
			<visibility>0</visibility>
			<Point>
				<extrude>1</extrude>
				<coordinates>-80.0133,33.1958,0</coordinates>
			</Point>
		</Placemark>
		<Placemark>
			<name>919</name>
			<visibility>0</visibility>
			<Point>
				<extrude>1</extrude>
				<coordinates>-79.99169999999999,33.2445,0</coordinates>
			</Point>
		</Placemark>
		<Placemark>
			<name>920</name>
			<visibility>0</visibility>
			<Point>
				<extrude>1</extrude>
				<coordinates>-79.6133,33.0375,0</coordinates>
			</Point>
		</Placemark>
		<Placemark>
			<name>921</name>
			<visibility>0</visibility>
			<Point>
				<extrude>1</extrude>
				<coordinates>-79.4614,33.0881,0</coordinates>
			</Point>
		</Placemark>
		<Placemark>
			<name>922</name>
			<visibility>0</visibility>
			<Point>
				<extrude>1</extrude>
				<coordinates>-79.86279999999999,32.7939,0</coordinates>
			</Point>
		</Placemark>
		<Placemark>
			<name>923</name>
			<visibility>0</visibility>
			<Point>
				<extrude>1</extrude>
				<coordinates>-79.9311,32.7764,0</coordinates>
			</Point>
		</Placemark>
		<Placemark>
			<name>924</name>
			<visibility>0</visibility>
			<Point>
				<extrude>1</extrude>
				<coordinates>-79.9931,32.7875,0</coordinates>
			</Point>
		</Placemark>
		<Placemark>
			<name>925</name>
			<visibility>0</visibility>
			<Point>
				<extrude>1</extrude>
				<coordinates>-79.9931,32.7806,0</coordinates>
			</Point>
		</Placemark>
		<Placemark>
			<name>926</name>
			<visibility>0</visibility>
			<Point>
				<extrude>1</extrude>
				<coordinates>-80,32.8569,0</coordinates>
			</Point>
		</Placemark>
		<Placemark>
			<name>927</name>
			<visibility>0</visibility>
			<Point>
				<extrude>1</extrude>
				<coordinates>-79.9389,32.8042,0</coordinates>
			</Point>
		</Placemark>
		<Placemark>
			<name>928</name>
			<visibility>0</visibility>
			<Point>
				<extrude>1</extrude>
				<coordinates>-79.9708,32.8542,0</coordinates>
			</Point>
		</Placemark>
		<Placemark>
			<name>929</name>
			<visibility>0</visibility>
			<Point>
				<extrude>1</extrude>
				<coordinates>-79.9903,32.8097,0</coordinates>
			</Point>
		</Placemark>
		<Placemark>
			<name>930</name>
			<visibility>0</visibility>
			<Point>
				<extrude>1</extrude>
				<coordinates>-79.95699999999999,32.8333,0</coordinates>
			</Point>
		</Placemark>
		<Placemark>
			<name>931</name>
			<visibility>0</visibility>
			<Point>
				<extrude>1</extrude>
				<coordinates>-79.9528,32.8111,0</coordinates>
			</Point>
		</Placemark>
		<Placemark>
			<name>932</name>
			<visibility>0</visibility>
			<Point>
				<extrude>1</extrude>
				<coordinates>-79.9417,32.7736,0</coordinates>
			</Point>
		</Placemark>
		<Placemark>
			<name>933</name>
			<visibility>0</visibility>
			<Point>
				<extrude>1</extrude>
				<coordinates>-79.9306,32.7667,0</coordinates>
			</Point>
		</Placemark>
		<Placemark>
			<name>934</name>
			<visibility>0</visibility>
			<Point>
				<extrude>1</extrude>
				<coordinates>-79.9278,32.7694,0</coordinates>
			</Point>
		</Placemark>
		<Placemark>
			<name>935</name>
			<visibility>0</visibility>
			<Point>
				<extrude>1</extrude>
				<coordinates>-80.4481,33.2144,0</coordinates>
			</Point>
		</Placemark>
		<Placemark>
			<name>936</name>
			<visibility>0</visibility>
			<Point>
				<extrude>1</extrude>
				<coordinates>-80.5758,33.1858,0</coordinates>
			</Point>
		</Placemark>
		<Placemark>
			<name>937</name>
			<visibility>0</visibility>
			<Point>
				<extrude>1</extrude>
				<coordinates>-80.28,32.56,0</coordinates>
			</Point>
		</Placemark>
		<Placemark>
			<name>938</name>
			<visibility>0</visibility>
			<Point>
				<extrude>1</extrude>
				<coordinates>-80.7189,32.7906,0</coordinates>
			</Point>
		</Placemark>
		<Placemark>
			<name>939</name>
			<visibility>0</visibility>
			<Point>
				<extrude>1</extrude>
				<coordinates>-80.6669,32.905,0</coordinates>
			</Point>
		</Placemark>
		<Placemark>
			<name>940</name>
			<visibility>0</visibility>
			<Point>
				<extrude>1</extrude>
				<coordinates>-81.07940000000001,33.1644,0</coordinates>
			</Point>
		</Placemark>
		<Placemark>
			<name>941</name>
			<visibility>0</visibility>
			<Point>
				<extrude>1</extrude>
				<coordinates>-81.035,33.2969,0</coordinates>
			</Point>
		</Placemark>
		<Placemark>
			<name>942</name>
			<visibility>0</visibility>
			<Point>
				<extrude>1</extrude>
				<coordinates>-81.0292,33.3083,0</coordinates>
			</Point>
		</Placemark>
		<Placemark>
			<name>943</name>
			<visibility>0</visibility>
			<Point>
				<extrude>1</extrude>
				<coordinates>-81.53530000000001,33.0806,0</coordinates>
			</Point>
		</Placemark>
		<Placemark>
			<name>944</name>
			<visibility>0</visibility>
			<Point>
				<extrude>1</extrude>
				<coordinates>-81.3086,33.0078,0</coordinates>
			</Point>
		</Placemark>
		<Placemark>
			<name>945</name>
			<visibility>0</visibility>
			<Point>
				<extrude>1</extrude>
				<coordinates>-81.1097,32.8708,0</coordinates>
			</Point>
		</Placemark>
		<Placemark>
			<name>946</name>
			<visibility>0</visibility>
			<Point>
				<extrude>1</extrude>
				<coordinates>-81.125,32.875,0</coordinates>
			</Point>
		</Placemark>
		<Placemark>
			<name>947</name>
			<visibility>0</visibility>
			<Point>
				<extrude>1</extrude>
				<coordinates>-81.1195,32.8625,0</coordinates>
			</Point>
		</Placemark>
		<Placemark>
			<name>948</name>
			<visibility>0</visibility>
			<Point>
				<extrude>1</extrude>
				<coordinates>-81.10550000000001,32.8667,0</coordinates>
			</Point>
		</Placemark>
		<Placemark>
			<name>949</name>
			<visibility>0</visibility>
			<Point>
				<extrude>1</extrude>
				<coordinates>-80.67,32.4314,0</coordinates>
			</Point>
		</Placemark>
		<Placemark>
			<name>950</name>
			<visibility>0</visibility>
			<Point>
				<extrude>1</extrude>
				<coordinates>-80.6708,32.4486,0</coordinates>
			</Point>
		</Placemark>
		<Placemark>
			<name>951</name>
			<visibility>0</visibility>
			<Point>
				<extrude>1</extrude>
				<coordinates>-80.6875,32.4389,0</coordinates>
			</Point>
		</Placemark>
		<Placemark>
			<name>952</name>
			<visibility>0</visibility>
			<Point>
				<extrude>1</extrude>
				<coordinates>-80.69280000000001,32.3789,0</coordinates>
			</Point>
		</Placemark>
		<Placemark>
			<name>953</name>
			<visibility>0</visibility>
			<Point>
				<extrude>1</extrude>
				<coordinates>-80.69029999999999,32.4194,0</coordinates>
			</Point>
		</Placemark>
		<Placemark>
			<name>954</name>
			<visibility>0</visibility>
			<Point>
				<extrude>1</extrude>
				<coordinates>-80.75279999999999,32.2161,0</coordinates>
			</Point>
		</Placemark>
		<Placemark>
			<name>955</name>
			<visibility>0</visibility>
			<Point>
				<extrude>1</extrude>
				<coordinates>-80.675,32.4208,0</coordinates>
			</Point>
		</Placemark>
		<Placemark>
			<name>956</name>
			<visibility>0</visibility>
			<Point>
				<extrude>1</extrude>
				<coordinates>-80.6794,32.4333,0</coordinates>
			</Point>
		</Placemark>
		<Placemark>
			<name>957</name>
			<visibility>0</visibility>
			<Point>
				<extrude>1</extrude>
				<coordinates>-80.68470000000001,32.4056,0</coordinates>
			</Point>
		</Placemark>
		<Placemark>
			<name>958</name>
			<visibility>0</visibility>
			<Point>
				<extrude>1</extrude>
				<coordinates>-80.86060000000001,32.237,0</coordinates>
			</Point>
		</Placemark>
		<Placemark>
			<name>959</name>
			<visibility>0</visibility>
			<Point>
				<extrude>1</extrude>
				<coordinates>-80.682,32.4042,0</coordinates>
			</Point>
		</Placemark>
		<Placemark>
			<name>960</name>
			<visibility>0</visibility>
			<Point>
				<extrude>1</extrude>
				<coordinates>-79.5925,34.3922,0</coordinates>
			</Point>
		</Placemark>
		<Placemark>
			<name>961</name>
			<visibility>0</visibility>
			<Point>
				<extrude>1</extrude>
				<coordinates>-79.5467,34.5794,0</coordinates>
			</Point>
		</Placemark>
		<Placemark>
			<name>962</name>
			<visibility>0</visibility>
			<Point>
				<extrude>1</extrude>
				<coordinates>-79.65300000000001,34.5106,0</coordinates>
			</Point>
		</Placemark>
		<Placemark>
			<name>963</name>
			<visibility>0</visibility>
			<Point>
				<extrude>1</extrude>
				<coordinates>-79.685,34.6172,0</coordinates>
			</Point>
		</Placemark>
		<Placemark>
			<name>964</name>
			<visibility>0</visibility>
			<Point>
				<extrude>1</extrude>
				<coordinates>-80.14919999999999,34.4758,0</coordinates>
			</Point>
		</Placemark>
		<Placemark>
			<name>965</name>
			<visibility>0</visibility>
			<Point>
				<extrude>1</extrude>
				<coordinates>-80.0883,34.7358,0</coordinates>
			</Point>
		</Placemark>
		<Placemark>
			<name>966</name>
			<visibility>0</visibility>
			<Point>
				<extrude>1</extrude>
				<coordinates>-80.60720000000001,34.2464,0</coordinates>
			</Point>
		</Placemark>
		<Placemark>
			<name>967</name>
			<visibility>0</visibility>
			<Point>
				<extrude>1</extrude>
				<coordinates>-80.5817,34.1167,0</coordinates>
			</Point>
		</Placemark>
		<Placemark>
			<name>968</name>
			<visibility>0</visibility>
			<Point>
				<extrude>1</extrude>
				<coordinates>-80.5972,34.2625,0</coordinates>
			</Point>
		</Placemark>
		<Placemark>
			<name>969</name>
			<visibility>0</visibility>
			<Point>
				<extrude>1</extrude>
				<coordinates>-80.6028,34.2375,0</coordinates>
			</Point>
		</Placemark>
		<Placemark>
			<name>970</name>
			<visibility>0</visibility>
			<Point>
				<extrude>1</extrude>
				<coordinates>-79.89530000000001,34.4022,0</coordinates>
			</Point>
		</Placemark>
		<Placemark>
			<name>971</name>
			<visibility>0</visibility>
			<Point>
				<extrude>1</extrude>
				<coordinates>-80.1425,34.4014,0</coordinates>
			</Point>
		</Placemark>
		<Placemark>
			<name>972</name>
			<visibility>0</visibility>
			<Point>
				<extrude>1</extrude>
				<coordinates>-79.8275,34.252,0</coordinates>
			</Point>
		</Placemark>
		<Placemark>
			<name>973</name>
			<visibility>0</visibility>
			<Point>
				<extrude>1</extrude>
				<coordinates>-79.9761,34.3753,0</coordinates>
			</Point>
		</Placemark>
		<Placemark>
			<name>974</name>
			<visibility>0</visibility>
			<Point>
				<extrude>1</extrude>
				<coordinates>-79.83329999999999,34.2569,0</coordinates>
			</Point>
		</Placemark>
		<Placemark>
			<name>975</name>
			<visibility>0</visibility>
			<Point>
				<extrude>1</extrude>
				<coordinates>-80.3417,33.9203,0</coordinates>
			</Point>
		</Placemark>
		<Placemark>
			<name>976</name>
			<visibility>0</visibility>
			<Point>
				<extrude>1</extrude>
				<coordinates>-80.375,33.9417,0</coordinates>
			</Point>
		</Placemark>
		<Placemark>
			<name>977</name>
			<visibility>0</visibility>
			<Point>
				<extrude>1</extrude>
				<coordinates>-80.3417,33.9083,0</coordinates>
			</Point>
		</Placemark>
		<Placemark>
			<name>978</name>
			<visibility>0</visibility>
			<Point>
				<extrude>1</extrude>
				<coordinates>-80.535,33.9575,0</coordinates>
			</Point>
		</Placemark>
		<Placemark>
			<name>979</name>
			<visibility>0</visibility>
			<Point>
				<extrude>1</extrude>
				<coordinates>-80.33329999999999,33.9333,0</coordinates>
			</Point>
		</Placemark>
		<Placemark>
			<name>980</name>
			<visibility>0</visibility>
			<Point>
				<extrude>1</extrude>
				<coordinates>-80.90300000000001,33.9386,0</coordinates>
			</Point>
		</Placemark>
		<Placemark>
			<name>981</name>
			<visibility>0</visibility>
			<Point>
				<extrude>1</extrude>
				<coordinates>-81.2758,34.145,0</coordinates>
			</Point>
		</Placemark>
		<Placemark>
			<name>982</name>
			<visibility>0</visibility>
			<Point>
				<extrude>1</extrude>
				<coordinates>-81.035,34.0006,0</coordinates>
			</Point>
		</Placemark>
		<Placemark>
			<name>983</name>
			<visibility>0</visibility>
			<Point>
				<extrude>1</extrude>
				<coordinates>-80.6478,33.5972,0</coordinates>
			</Point>
		</Placemark>
		<Placemark>
			<name>984</name>
			<visibility>0</visibility>
			<Point>
				<extrude>1</extrude>
				<coordinates>-80.77800000000001,33.6647,0</coordinates>
			</Point>
		</Placemark>
		<Placemark>
			<name>985</name>
			<visibility>0</visibility>
			<Point>
				<extrude>1</extrude>
				<coordinates>-80.9211,33.4353,0</coordinates>
			</Point>
		</Placemark>
		<Placemark>
			<name>986</name>
			<visibility>0</visibility>
			<Point>
				<extrude>1</extrude>
				<coordinates>-81.1189,33.5533,0</coordinates>
			</Point>
		</Placemark>
		<Placemark>
			<name>987</name>
			<visibility>0</visibility>
			<Point>
				<extrude>1</extrude>
				<coordinates>-81.47920000000001,33.1783,0</coordinates>
			</Point>
		</Placemark>
		<Placemark>
			<name>988</name>
			<visibility>0</visibility>
			<Point>
				<extrude>1</extrude>
				<coordinates>-81.5911,33.1858,0</coordinates>
			</Point>
		</Placemark>
		<Placemark>
			<name>989</name>
			<visibility>0</visibility>
			<Point>
				<extrude>1</extrude>
				<coordinates>-81.6114,33.1122,0</coordinates>
			</Point>
		</Placemark>
		<Placemark>
			<name>990</name>
			<visibility>0</visibility>
			<Point>
				<extrude>1</extrude>
				<coordinates>-81.35890000000001,33.2447,0</coordinates>
			</Point>
		</Placemark>
		<Placemark>
			<name>991</name>
			<visibility>0</visibility>
			<Point>
				<extrude>1</extrude>
				<coordinates>-81.5864,33.5164,0</coordinates>
			</Point>
		</Placemark>
		<Placemark>
			<name>992</name>
			<visibility>0</visibility>
			<Point>
				<extrude>1</extrude>
				<coordinates>-81.80800000000001,33.5636,0</coordinates>
			</Point>
		</Placemark>
		<Placemark>
			<name>993</name>
			<visibility>0</visibility>
			<Point>
				<extrude>1</extrude>
				<coordinates>-81.80419999999999,33.5508,0</coordinates>
			</Point>
		</Placemark>
		<Placemark>
			<name>994</name>
			<visibility>0</visibility>
			<Point>
				<extrude>1</extrude>
				<coordinates>-81.7197,33.5603,0</coordinates>
			</Point>
		</Placemark>
		<Placemark>
			<name>995</name>
			<visibility>0</visibility>
			<Point>
				<extrude>1</extrude>
				<coordinates>-81.73609999999999,33.2194,0</coordinates>
			</Point>
		</Placemark>
		<Placemark>
			<name>996</name>
			<visibility>0</visibility>
			<Point>
				<extrude>1</extrude>
				<coordinates>-81.80110000000001,33.8319,0</coordinates>
			</Point>
		</Placemark>
		<Placemark>
			<name>997</name>
			<visibility>0</visibility>
			<Point>
				<extrude>1</extrude>
				<coordinates>-81.9297,33.7894,0</coordinates>
			</Point>
		</Placemark>
		<Placemark>
			<name>998</name>
			<visibility>0</visibility>
			<Point>
				<extrude>1</extrude>
				<coordinates>-81.9417,33.8014,0</coordinates>
			</Point>
		</Placemark>
		<Placemark>
			<name>999</name>
			<visibility>0</visibility>
			<Point>
				<extrude>1</extrude>
				<coordinates>-81.0742,33.9933,0</coordinates>
			</Point>
		</Placemark>
		<Placemark>
			<name>1000</name>
			<visibility>0</visibility>
			<Point>
				<extrude>1</extrude>
				<coordinates>-81.34999999999999,34.1658,0</coordinates>
			</Point>
		</Placemark>
		<Placemark>
			<name>1001</name>
			<visibility>0</visibility>
			<Point>
				<extrude>1</extrude>
				<coordinates>-81.08669999999999,34.3805,0</coordinates>
			</Point>
		</Placemark>
		<Placemark>
			<name>1002</name>
			<visibility>0</visibility>
			<Point>
				<extrude>1</extrude>
				<coordinates>-81.09310000000001,34.375,0</coordinates>
			</Point>
		</Placemark>
		<Placemark>
			<name>1003</name>
			<visibility>0</visibility>
			<Point>
				<extrude>1</extrude>
				<coordinates>-81.0972,34.3889,0</coordinates>
			</Point>
		</Placemark>
		<Placemark>
			<name>1004</name>
			<visibility>0</visibility>
			<Point>
				<extrude>1</extrude>
				<coordinates>-81.08329999999999,34.3708,0</coordinates>
			</Point>
		</Placemark>
		<Placemark>
			<name>1005</name>
			<visibility>0</visibility>
			<Point>
				<extrude>1</extrude>
				<coordinates>-81.29300000000001,34.7683,0</coordinates>
			</Point>
		</Placemark>
		<Placemark>
			<name>1006</name>
			<visibility>0</visibility>
			<Point>
				<extrude>1</extrude>
				<coordinates>-81.2144,34.7047,0</coordinates>
			</Point>
		</Placemark>
		<Placemark>
			<name>1007</name>
			<visibility>0</visibility>
			<Point>
				<extrude>1</extrude>
				<coordinates>-80.7711,34.7203,0</coordinates>
			</Point>
		</Placemark>
		<Placemark>
			<name>1008</name>
			<visibility>0</visibility>
			<Point>
				<extrude>1</extrude>
				<coordinates>-80.79170000000001,34.7083,0</coordinates>
			</Point>
		</Placemark>
		<Placemark>
			<name>1009</name>
			<visibility>0</visibility>
			<Point>
				<extrude>1</extrude>
				<coordinates>-80.7833,34.6889,0</coordinates>
			</Point>
		</Placemark>
		<Placemark>
			<name>1010</name>
			<visibility>0</visibility>
			<Point>
				<extrude>1</extrude>
				<coordinates>-81.0253,34.9247,0</coordinates>
			</Point>
		</Placemark>
		<Placemark>
			<name>1011</name>
			<visibility>0</visibility>
			<Point>
				<extrude>1</extrude>
				<coordinates>-81.0333,34.9583,0</coordinates>
			</Point>
		</Placemark>
		<Placemark>
			<name>1012</name>
			<visibility>0</visibility>
			<Point>
				<extrude>1</extrude>
				<coordinates>-81.2422,34.9942,0</coordinates>
			</Point>
		</Placemark>
		<Placemark>
			<name>1013</name>
			<visibility>0</visibility>
			<Point>
				<extrude>1</extrude>
				<coordinates>-81,34.9167,0</coordinates>
			</Point>
		</Placemark>
		<Placemark>
			<name>1014</name>
			<visibility>0</visibility>
			<Point>
				<extrude>1</extrude>
				<coordinates>-81.3411,34.9508,0</coordinates>
			</Point>
		</Placemark>
		<Placemark>
			<name>1015</name>
			<visibility>0</visibility>
			<Point>
				<extrude>1</extrude>
				<coordinates>-82.17749999999999,34.9936,0</coordinates>
			</Point>
		</Placemark>
		<Placemark>
			<name>1016</name>
			<visibility>0</visibility>
			<Point>
				<extrude>1</extrude>
				<coordinates>-81.93219999999999,34.9494,0</coordinates>
			</Point>
		</Placemark>
		<Placemark>
			<name>1017</name>
			<visibility>0</visibility>
			<Point>
				<extrude>1</extrude>
				<coordinates>-82.1144,34.8628,0</coordinates>
			</Point>
		</Placemark>
		<Placemark>
			<name>1018</name>
			<visibility>0</visibility>
			<Point>
				<extrude>1</extrude>
				<coordinates>-81.95829999999999,34.9583,0</coordinates>
			</Point>
		</Placemark>
		<Placemark>
			<name>1019</name>
			<visibility>0</visibility>
			<Point>
				<extrude>1</extrude>
				<coordinates>-81.6836,34.7256,0</coordinates>
			</Point>
		</Placemark>
		<Placemark>
			<name>1020</name>
			<visibility>0</visibility>
			<Point>
				<extrude>1</extrude>
				<coordinates>-81.6189,34.2744,0</coordinates>
			</Point>
		</Placemark>
		<Placemark>
			<name>1021</name>
			<visibility>0</visibility>
			<Point>
				<extrude>1</extrude>
				<coordinates>-81.63330000000001,34.2917,0</coordinates>
			</Point>
		</Placemark>
		<Placemark>
			<name>1022</name>
			<visibility>0</visibility>
			<Point>
				<extrude>1</extrude>
				<coordinates>-81.625,34.2667,0</coordinates>
			</Point>
		</Placemark>
		<Placemark>
			<name>1023</name>
			<visibility>0</visibility>
			<Point>
				<extrude>1</extrude>
				<coordinates>-81.60420000000001,34.2764,0</coordinates>
			</Point>
		</Placemark>
		<Placemark>
			<name>1024</name>
			<visibility>0</visibility>
			<Point>
				<extrude>1</extrude>
				<coordinates>-81.61669999999999,34.2861,0</coordinates>
			</Point>
		</Placemark>
		<Placemark>
			<name>1025</name>
			<visibility>0</visibility>
			<Point>
				<extrude>1</extrude>
				<coordinates>-81.6208,34.2792,0</coordinates>
			</Point>
		</Placemark>
		<Placemark>
			<name>1026</name>
			<visibility>0</visibility>
			<Point>
				<extrude>1</extrude>
				<coordinates>-81.9678,34.3628,0</coordinates>
			</Point>
		</Placemark>
		<Placemark>
			<name>1027</name>
			<visibility>0</visibility>
			<Point>
				<extrude>1</extrude>
				<coordinates>-81.99169999999999,34.3542,0</coordinates>
			</Point>
		</Placemark>
		<Placemark>
			<name>1028</name>
			<visibility>0</visibility>
			<Point>
				<extrude>1</extrude>
				<coordinates>-82.3792,34.178,0</coordinates>
			</Point>
		</Placemark>
		<Placemark>
			<name>1029</name>
			<visibility>0</visibility>
			<Point>
				<extrude>1</extrude>
				<coordinates>-82.3875,34.1875,0</coordinates>
			</Point>
		</Placemark>
		<Placemark>
			<name>1030</name>
			<visibility>0</visibility>
			<Point>
				<extrude>1</extrude>
				<coordinates>-82.6503,34.5033,0</coordinates>
			</Point>
		</Placemark>
		<Placemark>
			<name>1031</name>
			<visibility>0</visibility>
			<Point>
				<extrude>1</extrude>
				<coordinates>-82.66670000000001,34.5333,0</coordinates>
			</Point>
		</Placemark>
		<Placemark>
			<name>1032</name>
			<visibility>0</visibility>
			<Point>
				<extrude>1</extrude>
				<coordinates>-82.45829999999999,34.875,0</coordinates>
			</Point>
		</Placemark>
		<Placemark>
			<name>1033</name>
			<visibility>0</visibility>
			<Point>
				<extrude>1</extrude>
				<coordinates>-82.4375,34.8333,0</coordinates>
			</Point>
		</Placemark>
		<Placemark>
			<name>1034</name>
			<visibility>0</visibility>
			<Point>
				<extrude>1</extrude>
				<coordinates>-82.3942,34.8525,0</coordinates>
			</Point>
		</Placemark>
		<Placemark>
			<name>1035</name>
			<visibility>0</visibility>
			<Point>
				<extrude>1</extrude>
				<coordinates>-82.375,34.8083,0</coordinates>
			</Point>
		</Placemark>
		<Placemark>
			<name>1036</name>
			<visibility>0</visibility>
			<Point>
				<extrude>1</extrude>
				<coordinates>-82.4222,34.8514,0</coordinates>
			</Point>
		</Placemark>
		<Placemark>
			<name>1037</name>
			<visibility>0</visibility>
			<Point>
				<extrude>1</extrude>
				<coordinates>-82.42919999999999,34.825,0</coordinates>
			</Point>
		</Placemark>
		<Placemark>
			<name>1038</name>
			<visibility>0</visibility>
			<Point>
				<extrude>1</extrude>
				<coordinates>-82.3917,34.8708,0</coordinates>
			</Point>
		</Placemark>
		<Placemark>
			<name>1039</name>
			<visibility>0</visibility>
			<Point>
				<extrude>1</extrude>
				<coordinates>-82.65300000000001,35.0028,0</coordinates>
			</Point>
		</Placemark>
		<Placemark>
			<name>1040</name>
			<visibility>0</visibility>
			<Point>
				<extrude>1</extrude>
				<coordinates>-82.6472,35.0014,0</coordinates>
			</Point>
		</Placemark>
		<Placemark>
			<name>1041</name>
			<visibility>0</visibility>
			<Point>
				<extrude>1</extrude>
				<coordinates>-82.55889999999999,34.9353,0</coordinates>
			</Point>
		</Placemark>
		<Placemark>
			<name>1042</name>
			<visibility>0</visibility>
			<Point>
				<extrude>1</extrude>
				<coordinates>-83.0197,34.8803,0</coordinates>
			</Point>
		</Placemark>
		<Placemark>
			<name>1043</name>
			<visibility>0</visibility>
			<Point>
				<extrude>1</extrude>
				<coordinates>-83.0256,34.6778,0</coordinates>
			</Point>
		</Placemark>
		<Placemark>
			<name>1044</name>
			<visibility>0</visibility>
			<Point>
				<extrude>1</extrude>
				<coordinates>-81.09999999999999,32.0833,0</coordinates>
			</Point>
		</Placemark>
		<Placemark>
			<name>1045</name>
			<visibility>0</visibility>
			<Point>
				<extrude>1</extrude>
				<coordinates>-81.08329999999999,32.0167,0</coordinates>
			</Point>
		</Placemark>
		<Placemark>
			<name>1046</name>
			<visibility>0</visibility>
			<Point>
				<extrude>1</extrude>
				<coordinates>-81.0958,32.0083,0</coordinates>
			</Point>
		</Placemark>
		<Placemark>
			<name>1047</name>
			<visibility>0</visibility>
			<Point>
				<extrude>1</extrude>
				<coordinates>-81.05419999999999,32.0306,0</coordinates>
			</Point>
		</Placemark>
		<Placemark>
			<name>1048</name>
			<visibility>0</visibility>
			<Point>
				<extrude>1</extrude>
				<coordinates>-81.0583,32.0375,0</coordinates>
			</Point>
		</Placemark>
		<Placemark>
			<name>1049</name>
			<visibility>0</visibility>
			<Point>
				<extrude>1</extrude>
				<coordinates>-81.1208,32.0861,0</coordinates>
			</Point>
		</Placemark>
		<Placemark>
			<name>1050</name>
			<visibility>0</visibility>
			<Point>
				<extrude>1</extrude>
				<coordinates>-81.0917,32.075,0</coordinates>
			</Point>
		</Placemark>
		<Placemark>
			<name>1051</name>
			<visibility>0</visibility>
			<Point>
				<extrude>1</extrude>
				<coordinates>-81.13330000000001,32.05,0</coordinates>
			</Point>
		</Placemark>
		<Placemark>
			<name>1052</name>
			<visibility>0</visibility>
			<Point>
				<extrude>1</extrude>
				<coordinates>-81.1375,32.0917,0</coordinates>
			</Point>
		</Placemark>
		<Placemark>
			<name>1053</name>
			<visibility>0</visibility>
			<Point>
				<extrude>1</extrude>
				<coordinates>-81.5369,32.1297,0</coordinates>
			</Point>
		</Placemark>
		<Placemark>
			<name>1054</name>
			<visibility>0</visibility>
			<Point>
				<extrude>1</extrude>
				<coordinates>-81.4858,32.1233,0</coordinates>
			</Point>
		</Placemark>
		<Placemark>
			<name>1055</name>
			<visibility>0</visibility>
			<Point>
				<extrude>1</extrude>
				<coordinates>-81.5389,32.1305,0</coordinates>
			</Point>
		</Placemark>
		<Placemark>
			<name>1056</name>
			<visibility>0</visibility>
			<Point>
				<extrude>1</extrude>
				<coordinates>-81.5642,31.8594,0</coordinates>
			</Point>
		</Placemark>
		<Placemark>
			<name>1057</name>
			<visibility>0</visibility>
			<Point>
				<extrude>1</extrude>
				<coordinates>-81.59610000000001,31.84669999999999,0</coordinates>
			</Point>
		</Placemark>
		<Placemark>
			<name>1058</name>
			<visibility>0</visibility>
			<Point>
				<extrude>1</extrude>
				<coordinates>-81.36969999999999,31.5092,0</coordinates>
			</Point>
		</Placemark>
		<Placemark>
			<name>1059</name>
			<visibility>0</visibility>
			<Point>
				<extrude>1</extrude>
				<coordinates>-81.4342,31.37,0</coordinates>
			</Point>
		</Placemark>
		<Placemark>
			<name>1060</name>
			<visibility>0</visibility>
			<Point>
				<extrude>1</extrude>
				<coordinates>-81.40170000000001,31.4061,0</coordinates>
			</Point>
		</Placemark>
		<Placemark>
			<name>1061</name>
			<visibility>0</visibility>
			<Point>
				<extrude>1</extrude>
				<coordinates>-81.3442,31.4781,0</coordinates>
			</Point>
		</Placemark>
		<Placemark>
			<name>1062</name>
			<visibility>0</visibility>
			<Point>
				<extrude>1</extrude>
				<coordinates>-81.36969999999999,31.1503,0</coordinates>
			</Point>
		</Placemark>
		<Placemark>
			<name>1063</name>
			<visibility>0</visibility>
			<Point>
				<extrude>1</extrude>
				<coordinates>-81.3903,31.1347,0</coordinates>
			</Point>
		</Placemark>
		<Placemark>
			<name>1064</name>
			<visibility>0</visibility>
			<Point>
				<extrude>1</extrude>
				<coordinates>-81.49169999999999,31.1497,0</coordinates>
			</Point>
		</Placemark>
		<Placemark>
			<name>1065</name>
			<visibility>0</visibility>
			<Point>
				<extrude>1</extrude>
				<coordinates>-81.4875,31.1769,0</coordinates>
			</Point>
		</Placemark>
		<Placemark>
			<name>1066</name>
			<visibility>0</visibility>
			<Point>
				<extrude>1</extrude>
				<coordinates>-81.4833,31.1333,0</coordinates>
			</Point>
		</Placemark>
		<Placemark>
			<name>1067</name>
			<visibility>0</visibility>
			<Point>
				<extrude>1</extrude>
				<coordinates>-81.69,30.7997,0</coordinates>
			</Point>
		</Placemark>
		<Placemark>
			<name>1068</name>
			<visibility>0</visibility>
			<Point>
				<extrude>1</extrude>
				<coordinates>-81.5467,30.7303,0</coordinates>
			</Point>
		</Placemark>
		<Placemark>
			<name>1069</name>
			<visibility>0</visibility>
			<Point>
				<extrude>1</extrude>
				<coordinates>-82.01000000000001,30.8303,0</coordinates>
			</Point>
		</Placemark>
		<Placemark>
			<name>1070</name>
			<visibility>0</visibility>
			<Point>
				<extrude>1</extrude>
				<coordinates>-82.0172,31.4861,0</coordinates>
			</Point>
		</Placemark>
		<Placemark>
			<name>1071</name>
			<visibility>0</visibility>
			<Point>
				<extrude>1</extrude>
				<coordinates>-81.8856,31.6072,0</coordinates>
			</Point>
		</Placemark>
		<Placemark>
			<name>1072</name>
			<visibility>0</visibility>
			<Point>
				<extrude>1</extrude>
				<coordinates>-81.9286,31.9364,0</coordinates>
			</Point>
		</Placemark>
		<Placemark>
			<name>1073</name>
			<visibility>0</visibility>
			<Point>
				<extrude>1</extrude>
				<coordinates>-82.13890000000001,32.2803,0</coordinates>
			</Point>
		</Placemark>
		<Placemark>
			<name>1074</name>
			<visibility>0</visibility>
			<Point>
				<extrude>1</extrude>
				<coordinates>-82.0197,32.1603,0</coordinates>
			</Point>
		</Placemark>
		<Placemark>
			<name>1075</name>
			<visibility>0</visibility>
			<Point>
				<extrude>1</extrude>
				<coordinates>-81.97499999999999,32.1533,0</coordinates>
			</Point>
		</Placemark>
		<Placemark>
			<name>1076</name>
			<visibility>0</visibility>
			<Point>
				<extrude>1</extrude>
				<coordinates>-82.0603,32.3969,0</coordinates>
			</Point>
		</Placemark>
		<Placemark>
			<name>1077</name>
			<visibility>0</visibility>
			<Point>
				<extrude>1</extrude>
				<coordinates>-81.55329999999999,32.3258,0</coordinates>
			</Point>
		</Placemark>
		<Placemark>
			<name>1078</name>
			<visibility>0</visibility>
			<Point>
				<extrude>1</extrude>
				<coordinates>-81.7833,32.4486,0</coordinates>
			</Point>
		</Placemark>
		<Placemark>
			<name>1079</name>
			<visibility>0</visibility>
			<Point>
				<extrude>1</extrude>
				<coordinates>-81.23560000000001,32.2958,0</coordinates>
			</Point>
		</Placemark>
		<Placemark>
			<name>1080</name>
			<visibility>0</visibility>
			<Point>
				<extrude>1</extrude>
				<coordinates>-81.4742,32.4617,0</coordinates>
			</Point>
		</Placemark>
		<Placemark>
			<name>1081</name>
			<visibility>0</visibility>
			<Point>
				<extrude>1</extrude>
				<coordinates>-81.6369,32.7503,0</coordinates>
			</Point>
		</Placemark>
		<Placemark>
			<name>1082</name>
			<visibility>0</visibility>
			<Point>
				<extrude>1</extrude>
				<coordinates>-81.6319,32.7361,0</coordinates>
			</Point>
		</Placemark>
		<Placemark>
			<name>1083</name>
			<visibility>0</visibility>
			<Point>
				<extrude>1</extrude>
				<coordinates>-81.59829999999999,32.5389,0</coordinates>
			</Point>
		</Placemark>
		<Placemark>
			<name>1084</name>
			<visibility>0</visibility>
			<Point>
				<extrude>1</extrude>
				<coordinates>-81.87690000000001,33.0219,0</coordinates>
			</Point>
		</Placemark>
		<Placemark>
			<name>1085</name>
			<visibility>0</visibility>
			<Point>
				<extrude>1</extrude>
				<coordinates>-82.0158,33.0897,0</coordinates>
			</Point>
		</Placemark>
		<Placemark>
			<name>1086</name>
			<visibility>0</visibility>
			<Point>
				<extrude>1</extrude>
				<coordinates>-81.9833,33.45,0</coordinates>
			</Point>
		</Placemark>
		<Placemark>
			<name>1087</name>
			<visibility>0</visibility>
			<Point>
				<extrude>1</extrude>
				<coordinates>-82.1767,33.3386,0</coordinates>
			</Point>
		</Placemark>
		<Placemark>
			<name>1088</name>
			<visibility>0</visibility>
			<Point>
				<extrude>1</extrude>
				<coordinates>-82.04170000000001,33.4861,0</coordinates>
			</Point>
		</Placemark>
		<Placemark>
			<name>1089</name>
			<visibility>0</visibility>
			<Point>
				<extrude>1</extrude>
				<coordinates>-82,33.4583,0</coordinates>
			</Point>
		</Placemark>
		<Placemark>
			<name>1090</name>
			<visibility>0</visibility>
			<Point>
				<extrude>1</extrude>
				<coordinates>-82.4114,33.0014,0</coordinates>
			</Point>
		</Placemark>
		<Placemark>
			<name>1091</name>
			<visibility>0</visibility>
			<Point>
				<extrude>1</extrude>
				<coordinates>-82.4028,32.9889,0</coordinates>
			</Point>
		</Placemark>
		<Placemark>
			<name>1092</name>
			<visibility>0</visibility>
			<Point>
				<extrude>1</extrude>
				<coordinates>-82.5894,32.5306,0</coordinates>
			</Point>
		</Placemark>
		<Placemark>
			<name>1093</name>
			<visibility>0</visibility>
			<Point>
				<extrude>1</extrude>
				<coordinates>-82.3339,32.5972,0</coordinates>
			</Point>
		</Placemark>
		<Placemark>
			<name>1094</name>
			<visibility>0</visibility>
			<Point>
				<extrude>1</extrude>
				<coordinates>-82.5253,32.2875,0</coordinates>
			</Point>
		</Placemark>
		<Placemark>
			<name>1095</name>
			<visibility>0</visibility>
			<Point>
				<extrude>1</extrude>
				<coordinates>-82.50830000000001,32.0361,0</coordinates>
			</Point>
		</Placemark>
		<Placemark>
			<name>1096</name>
			<visibility>0</visibility>
			<Point>
				<extrude>1</extrude>
				<coordinates>-82.9825,31.9178,0</coordinates>
			</Point>
		</Placemark>
		<Placemark>
			<name>1097</name>
			<visibility>0</visibility>
			<Point>
				<extrude>1</extrude>
				<coordinates>-82.9008,32.0678,0</coordinates>
			</Point>
		</Placemark>
		<Placemark>
			<name>1098</name>
			<visibility>0</visibility>
			<Point>
				<extrude>1</extrude>
				<coordinates>-82.7606,32.4856,0</coordinates>
			</Point>
		</Placemark>
		<Placemark>
			<name>1099</name>
			<visibility>0</visibility>
			<Point>
				<extrude>1</extrude>
				<coordinates>-82.90389999999999,32.5403,0</coordinates>
			</Point>
		</Placemark>
		<Placemark>
			<name>1100</name>
			<visibility>0</visibility>
			<Point>
				<extrude>1</extrude>
				<coordinates>-83.8875,32.5536,0</coordinates>
			</Point>
		</Placemark>
		<Placemark>
			<name>1101</name>
			<visibility>0</visibility>
			<Point>
				<extrude>1</extrude>
				<coordinates>-83.9111,32.5242,0</coordinates>
			</Point>
		</Placemark>
		<Placemark>
			<name>1102</name>
			<visibility>0</visibility>
			<Point>
				<extrude>1</extrude>
				<coordinates>-83.63249999999999,32.8406,0</coordinates>
			</Point>
		</Placemark>
		<Placemark>
			<name>1103</name>
			<visibility>0</visibility>
			<Point>
				<extrude>1</extrude>
				<coordinates>-83.6528,32.7917,0</coordinates>
			</Point>
		</Placemark>
		<Placemark>
			<name>1104</name>
			<visibility>0</visibility>
			<Point>
				<extrude>1</extrude>
				<coordinates>-83.6897,32.8208,0</coordinates>
			</Point>
		</Placemark>
		<Placemark>
			<name>1105</name>
			<visibility>0</visibility>
			<Point>
				<extrude>1</extrude>
				<coordinates>-83.6583,32.8583,0</coordinates>
			</Point>
		</Placemark>
		<Placemark>
			<name>1106</name>
			<visibility>0</visibility>
			<Point>
				<extrude>1</extrude>
				<coordinates>-83.6208,32.8514,0</coordinates>
			</Point>
		</Placemark>
		<Placemark>
			<name>1107</name>
			<visibility>0</visibility>
			<Point>
				<extrude>1</extrude>
				<coordinates>-83.64579999999999,32.8167,0</coordinates>
			</Point>
		</Placemark>
		<Placemark>
			<name>1108</name>
			<visibility>0</visibility>
			<Point>
				<extrude>1</extrude>
				<coordinates>-83.23220000000001,33.08,0</coordinates>
			</Point>
		</Placemark>
		<Placemark>
			<name>1109</name>
			<visibility>0</visibility>
			<Point>
				<extrude>1</extrude>
				<coordinates>-83.2445,33.0964,0</coordinates>
			</Point>
		</Placemark>
		<Placemark>
			<name>1110</name>
			<visibility>0</visibility>
			<Point>
				<extrude>1</extrude>
				<coordinates>-83.1217,33.1742,0</coordinates>
			</Point>
		</Placemark>
		<Placemark>
			<name>1111</name>
			<visibility>0</visibility>
			<Point>
				<extrude>1</extrude>
				<coordinates>-82.9764,33.2756,0</coordinates>
			</Point>
		</Placemark>
		<Placemark>
			<name>1112</name>
			<visibility>0</visibility>
			<Point>
				<extrude>1</extrude>
				<coordinates>-83.6833,33.3047,0</coordinates>
			</Point>
		</Placemark>
		<Placemark>
			<name>1113</name>
			<visibility>0</visibility>
			<Point>
				<extrude>1</extrude>
				<coordinates>-83.1825,33.5755,0</coordinates>
			</Point>
		</Placemark>
		<Placemark>
			<name>1114</name>
			<visibility>0</visibility>
			<Point>
				<extrude>1</extrude>
				<coordinates>-82.6742,33.9136,0</coordinates>
			</Point>
		</Placemark>
		<Placemark>
			<name>1115</name>
			<visibility>0</visibility>
			<Point>
				<extrude>1</extrude>
				<coordinates>-82.5081,33.8636,0</coordinates>
			</Point>
		</Placemark>
		<Placemark>
			<name>1116</name>
			<visibility>0</visibility>
			<Point>
				<extrude>1</extrude>
				<coordinates>-82.47920000000001,33.7922,0</coordinates>
			</Point>
		</Placemark>
		<Placemark>
			<name>1117</name>
			<visibility>0</visibility>
			<Point>
				<extrude>1</extrude>
				<coordinates>-82.8672,34.1111,0</coordinates>
			</Point>
		</Placemark>
		<Placemark>
			<name>1118</name>
			<visibility>0</visibility>
			<Point>
				<extrude>1</extrude>
				<coordinates>-82.875,34.1131,0</coordinates>
			</Point>
		</Placemark>
		<Placemark>
			<name>1119</name>
			<visibility>0</visibility>
			<Point>
				<extrude>1</extrude>
				<coordinates>-82.86060000000001,34.0986,0</coordinates>
			</Point>
		</Placemark>
		<Placemark>
			<name>1120</name>
			<visibility>0</visibility>
			<Point>
				<extrude>1</extrude>
				<coordinates>-82.96720000000001,34.0755,0</coordinates>
			</Point>
		</Placemark>
		<Placemark>
			<name>1121</name>
			<visibility>0</visibility>
			<Point>
				<extrude>1</extrude>
				<coordinates>-82.8708,34.1208,0</coordinates>
			</Point>
		</Placemark>
		<Placemark>
			<name>1122</name>
			<visibility>0</visibility>
			<Point>
				<extrude>1</extrude>
				<coordinates>-82.93219999999999,34.3528,0</coordinates>
			</Point>
		</Placemark>
		<Placemark>
			<name>1123</name>
			<visibility>0</visibility>
			<Point>
				<extrude>1</extrude>
				<coordinates>-83.2353,34.3697,0</coordinates>
			</Point>
		</Placemark>
		<Placemark>
			<name>1124</name>
			<visibility>0</visibility>
			<Point>
				<extrude>1</extrude>
				<coordinates>-83.2128,34.0378,0</coordinates>
			</Point>
		</Placemark>
		<Placemark>
			<name>1125</name>
			<visibility>0</visibility>
			<Point>
				<extrude>1</extrude>
				<coordinates>-83.2086,34.0336,0</coordinates>
			</Point>
		</Placemark>
		<Placemark>
			<name>1126</name>
			<visibility>0</visibility>
			<Point>
				<extrude>1</extrude>
				<coordinates>-83.3781,33.9608,0</coordinates>
			</Point>
		</Placemark>
		<Placemark>
			<name>1127</name>
			<visibility>0</visibility>
			<Point>
				<extrude>1</extrude>
				<coordinates>-83.5347,33.9492,0</coordinates>
			</Point>
		</Placemark>
		<Placemark>
			<name>1128</name>
			<visibility>0</visibility>
			<Point>
				<extrude>1</extrude>
				<coordinates>-83.53279999999999,33.9458,0</coordinates>
			</Point>
		</Placemark>
		<Placemark>
			<name>1129</name>
			<visibility>0</visibility>
			<Point>
				<extrude>1</extrude>
				<coordinates>-83.7133,33.7947,0</coordinates>
			</Point>
		</Placemark>
		<Placemark>
			<name>1130</name>
			<visibility>0</visibility>
			<Point>
				<extrude>1</extrude>
				<coordinates>-84.01779999999999,33.6675,0</coordinates>
			</Point>
		</Placemark>
		<Placemark>
			<name>1131</name>
			<visibility>0</visibility>
			<Point>
				<extrude>1</extrude>
				<coordinates>-84.38809999999999,33.7489,0</coordinates>
			</Point>
		</Placemark>
		<Placemark>
			<name>1132</name>
			<visibility>0</visibility>
			<Point>
				<extrude>1</extrude>
				<coordinates>-84.50530000000001,33.7592,0</coordinates>
			</Point>
		</Placemark>
		<Placemark>
			<name>1133</name>
			<visibility>0</visibility>
			<Point>
				<extrude>1</extrude>
				<coordinates>-82.28060000000001,33.8992,0</coordinates>
			</Point>
		</Placemark>
		<Placemark>
			<name>1134</name>
			<visibility>0</visibility>
			<Point>
				<extrude>1</extrude>
				<coordinates>-84.1053,33.7122,0</coordinates>
			</Point>
		</Placemark>
		<Placemark>
			<name>1135</name>
			<visibility>0</visibility>
			<Point>
				<extrude>1</extrude>
				<coordinates>-84.29640000000001,33.7747,0</coordinates>
			</Point>
		</Placemark>
		<Placemark>
			<name>1136</name>
			<visibility>0</visibility>
			<Point>
				<extrude>1</extrude>
				<coordinates>-84.3236,33.7967,0</coordinates>
			</Point>
		</Placemark>
		<Placemark>
			<name>1137</name>
			<visibility>0</visibility>
			<Point>
				<extrude>1</extrude>
				<coordinates>-84.3356,33.7772,0</coordinates>
			</Point>
		</Placemark>
		<Placemark>
			<name>1138</name>
			<visibility>0</visibility>
			<Point>
				<extrude>1</extrude>
				<coordinates>-84.38330000000001,33.825,0</coordinates>
			</Point>
		</Placemark>
		<Placemark>
			<name>1139</name>
			<visibility>0</visibility>
			<Point>
				<extrude>1</extrude>
				<coordinates>-84.29170000000001,33.7083,0</coordinates>
			</Point>
		</Placemark>
		<Placemark>
			<name>1140</name>
			<visibility>0</visibility>
			<Point>
				<extrude>1</extrude>
				<coordinates>-84.45829999999999,33.75,0</coordinates>
			</Point>
		</Placemark>
		<Placemark>
			<name>1141</name>
			<visibility>0</visibility>
			<Point>
				<extrude>1</extrude>
				<coordinates>-84.41670000000001,33.6667,0</coordinates>
			</Point>
		</Placemark>
		<Placemark>
			<name>1142</name>
			<visibility>0</visibility>
			<Point>
				<extrude>1</extrude>
				<coordinates>-83.8242,34.2978,0</coordinates>
			</Point>
		</Placemark>
		<Placemark>
			<name>1143</name>
			<visibility>0</visibility>
			<Point>
				<extrude>1</extrude>
				<coordinates>-83.985,34.5325,0</coordinates>
			</Point>
		</Placemark>
		<Placemark>
			<name>1144</name>
			<visibility>0</visibility>
			<Point>
				<extrude>1</extrude>
				<coordinates>-84.24939999999999,34.2439,0</coordinates>
			</Point>
		</Placemark>
		<Placemark>
			<name>1145</name>
			<visibility>0</visibility>
			<Point>
				<extrude>1</extrude>
				<coordinates>-84.5003,34.6725,0</coordinates>
			</Point>
		</Placemark>
		<Placemark>
			<name>1146</name>
			<visibility>0</visibility>
			<Point>
				<extrude>1</extrude>
				<coordinates>-84.45140000000001,34.9725,0</coordinates>
			</Point>
		</Placemark>
		<Placemark>
			<name>1147</name>
			<visibility>0</visibility>
			<Point>
				<extrude>1</extrude>
				<coordinates>-84.2169,34.7597,0</coordinates>
			</Point>
		</Placemark>
		<Placemark>
			<name>1148</name>
			<visibility>0</visibility>
			<Point>
				<extrude>1</extrude>
				<coordinates>-83.95829999999999,34.8761,0</coordinates>
			</Point>
		</Placemark>
		<Placemark>
			<name>1149</name>
			<visibility>0</visibility>
			<Point>
				<extrude>1</extrude>
				<coordinates>-83.4667,34.8958,0</coordinates>
			</Point>
		</Placemark>
		<Placemark>
			<name>1150</name>
			<visibility>0</visibility>
			<Point>
				<extrude>1</extrude>
				<coordinates>-83.5119,34.8961,0</coordinates>
			</Point>
		</Placemark>
		<Placemark>
			<name>1151</name>
			<visibility>0</visibility>
			<Point>
				<extrude>1</extrude>
				<coordinates>-83.4011,34.8781,0</coordinates>
			</Point>
		</Placemark>
		<Placemark>
			<name>1152</name>
			<visibility>0</visibility>
			<Point>
				<extrude>1</extrude>
				<coordinates>-83.50830000000001,34.8819,0</coordinates>
			</Point>
		</Placemark>
		<Placemark>
			<name>1153</name>
			<visibility>0</visibility>
			<Point>
				<extrude>1</extrude>
				<coordinates>-83.4164,34.7819,0</coordinates>
			</Point>
		</Placemark>
		<Placemark>
			<name>1154</name>
			<visibility>0</visibility>
			<Point>
				<extrude>1</extrude>
				<coordinates>-81.4603,30.6075,0</coordinates>
			</Point>
		</Placemark>
		<Placemark>
			<name>1155</name>
			<visibility>0</visibility>
			<Point>
				<extrude>1</extrude>
				<coordinates>-81.65949999999999,30.1603,0</coordinates>
			</Point>
		</Placemark>
		<Placemark>
			<name>1156</name>
			<visibility>0</visibility>
			<Point>
				<extrude>1</extrude>
				<coordinates>-81.6558,30.3319,0</coordinates>
			</Point>
		</Placemark>
		<Placemark>
			<name>1157</name>
			<visibility>0</visibility>
			<Point>
				<extrude>1</extrude>
				<coordinates>-81.72,30.3061,0</coordinates>
			</Point>
		</Placemark>
		<Placemark>
			<name>1158</name>
			<visibility>0</visibility>
			<Point>
				<extrude>1</extrude>
				<coordinates>-81.3147,29.8944,0</coordinates>
			</Point>
		</Placemark>
		<Placemark>
			<name>1159</name>
			<visibility>0</visibility>
			<Point>
				<extrude>1</extrude>
				<coordinates>-81.33329999999999,29.9167,0</coordinates>
			</Point>
		</Placemark>
		<Placemark>
			<name>1160</name>
			<visibility>0</visibility>
			<Point>
				<extrude>1</extrude>
				<coordinates>-81.0231,29.2106,0</coordinates>
			</Point>
		</Placemark>
		<Placemark>
			<name>1161</name>
			<visibility>0</visibility>
			<Point>
				<extrude>1</extrude>
				<coordinates>-82.325,29.6514,0</coordinates>
			</Point>
		</Placemark>
		<Placemark>
			<name>1162</name>
			<visibility>0</visibility>
			<Point>
				<extrude>1</extrude>
				<coordinates>-82.18640000000001,29.6464,0</coordinates>
			</Point>
		</Placemark>
		<Placemark>
			<visibility>0</visibility>
			<styleUrl>#msn_ylw-pushpin0</styleUrl>
			<LineString>
				<tessellate>1</tessellate>
				<coordinates>
-74.00700000000001,40.704,0 -74.00700000000001,40.738,0 -73.97799999999999,40.797,0 -73.923,40.886,0 -73.91,40.927,0 -73.89700000000001,40.961,0 -73.89700000000001,40.998,0 -74.214,41.124,0 -74.24299999999999,41.138,0 -74.372,41.196,0 -74.70099999999999,41.35,0 -74.792,41.312,0 -74.795,41.295,0 -74.82599999999999,41.283,0 -74.867,41.227,0 -74.863,41.207,0 -74.91500000000001,41.141,0 -74.95,41.112,0 -74.985,41.099,0 -74.989,41.082,0 -74.967,41.083,0 -75.002,41.062,0 -75.036,41.028,0 -75.06999999999999,41.011,0 -75.117,41,0 -75.14,40.977,0 -75.136,40.963,0 -75.08,40.903,0 -75.074,40.885,0 -75.057,40.872,0 -75.05500000000001,40.856,0 -75.09999999999999,40.839,0 -75.09,40.821,0 -75.101,40.792,0 -75.131,40.773,0 -75.17100000000001,40.775,0 -75.194,40.748,0 -75.188,40.724,0 -75.206,40.686,0 -75.185,40.67,0 -75.209,40.651,0 -75.19799999999999,40.634,0 -75.20099999999999,40.615,0 -75.194,40.584,0 -75.19799999999999,40.571,0 -75.18300000000001,40.557,0 -75.125,40.565,0 -75.08,40.545,0 -75.06399999999999,40.521,0 -75.071,40.456,0 -75.05800000000001,40.42,0 -75.02200000000001,40.401,0 -75.001,40.409,0 -74.973,40.404,0 -74.95099999999999,40.345,0 -74.93300000000001,40.334,0 -74.922,40.314,0 -74.881,40.299,0 -74.843,40.248,0 -74.739,40.178,0 -74.726,40.149,0 -74.747,40.124,0 -74.82899999999999,40.116,0 -74.872,40.078,0 -74.95699999999999,40.058,0 -74.98399999999999,40.034,0 -75.04600000000001,40.008,0 -75.068,39.985,0 -75.08499999999999,39.976,0 -75.111,39.977,0 -75.14,39.956,0 -75.148,39.935,0 -75.136,39.897,0 -75.143,39.881,0 -75.18600000000001,39.877,0 -75.247,39.85,0 -75.254,39.845,0 -75.346,39.848,0 -75.42100000000001,39.799,0 -75.47,39.826,0 -75.584,39.84,0 -75.64400000000001,39.838,0 -75.69499999999999,39.82,0 -75.746,39.775,0 -75.77500000000001,39.724,0 -75.791,39.724,0 -76.14,39.722,0 -76.233,39.722,0 -76.56999999999999,39.72,0 -76.791,39.721,0 -76.997,39.721,0 -77.221,39.721,0 -77.465,39.72,0 -77.476,39.72,0 -78.096,39.725,0 -78.33499999999999,39.724,0 -78.38500000000001,39.724,0 -78.818,39.723,0 -78.93000000000001,39.722,0 -79.39700000000001,39.719,0 -79.48099999999999,39.72,0 -79.765,39.722,0 -79.91800000000001,39.722,0 -80.429,39.72,0 -80.524,39.721,0 -80.52500000000001,39.958,0 -80.52500000000001,40.023,0 -80.526,40.162,0 -80.524,40.403,0 -80.52500000000001,40.479,0 -80.52200000000001,40.637,0 </coordinates>
			</LineString>
		</Placemark>
		<Placemark>
			<visibility>0</visibility>
			<styleUrl>#msn_ylw-pushpin0</styleUrl>
			<LineString>
				<tessellate>1</tessellate>
				<coordinates>
-79.76300000000001,42.267,0 -79.762,42.003,0 -79.613,42.001,0 -79.06,42.001,0 -78.919,42,0 -78.30500000000001,41.999,0 -78.205,41.998,0 -77.745,41.997,0 -77.613,41.999,0 -76.96899999999999,42.003,0 -76.929,42.002,0 -76.56399999999999,42.003,0 -76.145,42.001,0 -76.105,41.999,0 -75.48,41.996,0 -75.383,41.998,0 -75.346,41.993,0 -75.325,41.961,0 -75.28400000000001,41.948,0 -75.255,41.869,0 -75.172,41.868,0 -75.149,41.856,0 -75.125,41.849,0 -75.11799999999999,41.837,0 -75.08,41.814,0 -75.09699999999999,41.797,0 -75.098,41.779,0 -75.062,41.77,0 -75.057,41.727,0 -75.066,41.715,0 -75.05200000000001,41.637,0 -75.07299999999999,41.613,0 -75.06999999999999,41.604,0 -75.026,41.566,0 -75.015,41.539,0 -74.97199999999999,41.484,0 -74.93300000000001,41.484,0 -74.899,41.462,0 -74.896,41.445,0 -74.86499999999999,41.447,0 -74.79300000000001,41.43,0 -74.755,41.43,0 -74.741,41.422,0 -74.741,41.402,0 -74.706,41.375,0 -74.70099999999999,41.35,0 </coordinates>
			</LineString>
		</Placemark>
		<Placemark>
			<visibility>0</visibility>
			<styleUrl>#msn_ylw-pushpin0</styleUrl>
			<LineString>
				<tessellate>1</tessellate>
				<coordinates>
-75.48999999999999,39.715,0 -75.476,39.72,0 -75.47499999999999,39.742,0 -75.461,39.763,0 -75.428,39.778,0 -75.41200000000001,39.79,0 -75.42100000000001,39.799,0 </coordinates>
			</LineString>
		</Placemark>
		<Placemark>
			<visibility>0</visibility>
			<styleUrl>#msn_ylw-pushpin0</styleUrl>
			<LineString>
				<tessellate>1</tessellate>
				<coordinates>
-79.48099999999999,39.72,0 -79.48999999999999,39.197,0 -79.461,39.213,0 -79.45,39.212,0 -79.38500000000001,39.269,0 -79.346,39.292,0 -79.29600000000001,39.3,0 -79.28,39.325,0 -79.26000000000001,39.349,0 -79.163,39.393,0 -79.158,39.414,0 -79.13200000000001,39.417,0 -79.104,39.447,0 -79.09699999999999,39.465,0 -79.105,39.471,0 -79.071,39.471,0 -79.065,39.486,0 -79.04900000000001,39.484,0 -78.971,39.438,0 -78.956,39.46,0 -78.871,39.526,0 -78.83799999999999,39.563,0 -78.807,39.567,0 -78.82299999999999,39.586,0 -78.79900000000001,39.615,0 -78.798,39.631,0 -78.773,39.644,0 -78.768,39.627,0 -78.733,39.627,0 -78.73099999999999,39.621,0 -78.73699999999999,39.609,0 -78.774,39.602,0 -78.762,39.582,0 -78.733,39.577,0 -78.717,39.559,0 -78.667,39.537,0 -78.649,39.538,0 -78.637,39.53,0 -78.605,39.536,0 -78.56399999999999,39.521,0 -78.509,39.525,0 -78.482,39.52,0 -78.456,39.534,0 -78.446,39.548,0 -78.42100000000001,39.549,0 -78.462,39.581,0 -78.45099999999999,39.593,0 -78.404,39.588,0 -78.432,39.621,0 -78.38500000000001,39.614,0 -78.378,39.631,0 -78.357,39.632,0 -78.348,39.641,0 -78.273,39.618,0 -78.258,39.641,0 -78.23,39.658,0 -78.22799999999999,39.674,0 -78.205,39.676,0 -78.18300000000001,39.695,0 -78.095,39.676,0 -78.027,39.623,0 -77.995,39.599,0 -77.965,39.611,0 -77.94499999999999,39.586,0 -77.93600000000001,39.592,0 -77.94799999999999,39.615,0 -77.93899999999999,39.618,0 -77.904,39.596,0 -77.89100000000001,39.601,0 -77.889,39.616,0 -77.85599999999999,39.602,0 -77.843,39.605,0 -77.84,39.573,0 -77.85299999999999,39.565,0 -77.88500000000001,39.564,0 -77.89,39.558,0 -77.87,39.546,0 -77.86499999999999,39.515,0 -77.84399999999999,39.532,0 -77.836,39.526,0 -77.82899999999999,39.529,0 -77.82599999999999,39.512,0 -77.848,39.502,0 -77.825,39.494,0 -77.77200000000001,39.498,0 -77.8,39.481,0 -77.785,39.459,0 -77.804,39.463,0 -77.79600000000001,39.451,0 -77.80500000000001,39.44,0 -77.803,39.432,0 -77.75700000000001,39.425,0 -77.741,39.403,0 -77.738,39.396,0 -77.75700000000001,39.378,0 -77.746,39.36,0 -77.755,39.338,0 -77.75,39.327,0 -77.72799999999999,39.318,0 -77.76000000000001,39.285,0 -77.76900000000001,39.246,0 -77.806,39.197,0 -77.81999999999999,39.142,0 -77.831,39.132,0 -78.03400000000001,39.266,0 -78.23,39.391,0 -78.277,39.423,0 -78.348,39.457,0 -78.351,39.381,0 -78.366,39.362,0 -78.34399999999999,39.351,0 -78.34099999999999,39.341,0 -78.414,39.257,0 -78.399,39.245,0 -78.423,39.212,0 -78.42400000000001,39.198,0 -78.40300000000001,39.17,0 -78.431,39.149,0 -78.44799999999999,39.119,0 -78.486,39.112,0 -78.502,39.094,0 -78.53700000000001,39.057,0 -78.56399999999999,39.035,0 -78.54900000000001,39.023,0 -78.553,39.014,0 -78.599,38.967,0 -78.631,38.98,0 -78.64700000000001,38.95,0 -78.68000000000001,38.922,0 -78.71899999999999,38.905,0 -78.724,38.93,0 -78.738,38.929,0 -78.75,38.911,0 -78.79300000000001,38.88,0 -78.816,38.834,0 -78.867,38.763,0 -78.988,38.847,0 -79.03400000000001,38.8,0 -79.05500000000001,38.791,0 -79.057,38.762,0 -79.087,38.707,0 -79.089,38.659,0 -79.121,38.664,0 -79.128,38.658,0 -79.232,38.48,0 -79.273,38.437,0 -79.31699999999999,38.413,0 -79.48699999999999,38.462,0 -79.53700000000001,38.554,0 -79.643,38.592,0 -79.67,38.55,0 -79.666,38.521,0 -79.693,38.5,0 -79.684,38.43,0 -79.72,38.395,0 -79.733,38.352,0 -79.764,38.354,0 -79.801,38.314,0 -79.803,38.299,0 -79.78700000000001,38.285,0 -79.794,38.269,0 -79.831,38.25,0 -79.916,38.179,0 -79.911,38.162,0 -79.93600000000001,38.121,0 -79.929,38.103,0 -79.958,38.067,0 -79.967,38.038,0 -80.001,37.99,0 -80.05500000000001,37.956,0 -80.107,37.915,0 -80.119,37.891,0 -80.16,37.877,0 -80.172,37.86,0 -80.172,37.843,0 -80.224,37.802,0 -80.221,37.779,0 -80.255,37.757,0 -80.25,37.726,0 -80.303,37.683,0 -80.29600000000001,37.671,0 -80.30500000000001,37.652,0 -80.301,37.64,0 -80.255,37.641,0 -80.21899999999999,37.624,0 -80.247,37.597,0 -80.31699999999999,37.567,0 -80.32599999999999,37.533,0 -80.309,37.528,0 -80.28100000000001,37.536,0 -80.288,37.511,0 -80.348,37.491,0 -80.352,37.476,0 -80.389,37.466,0 -80.426,37.435,0 -80.47499999999999,37.423,0 -80.48699999999999,37.434,0 -80.488,37.46,0 -80.509,37.475,0 -80.54300000000001,37.469,0 -80.598,37.446,0 -80.705,37.388,0 -80.73,37.393,0 -80.747,37.388,0 -80.748,37.379,0 -80.76300000000001,37.371,0 -80.77,37.386,0 -80.79900000000001,37.392,0 -80.8,37.413,0 -80.851,37.423,0 -80.878,37.389,0 -80.849,37.351,0 -80.85599999999999,37.339,0 -80.934,37.301,0 -80.968,37.292,0 -80.979,37.296,0 -80.986,37.306,0 -81.02500000000001,37.286,0 -81.14100000000001,37.275,0 -81.223,37.24,0 -81.312,37.294,0 -81.35899999999999,37.339,0 -81.39100000000001,37.311,0 -81.404,37.283,0 -81.476,37.254,0 -81.496,37.253,0 -81.506,37.234,0 -81.557,37.206,0 -81.666,37.205,0 -81.702,37.235,0 -81.739,37.25,0 -81.752,37.272,0 -81.79300000000001,37.287,0 -81.816,37.279,0 -81.839,37.285,0 -81.85899999999999,37.307,0 -81.864,37.325,0 -81.89700000000001,37.34,0 -81.92700000000001,37.372,0 -81.92100000000001,37.415,0 -81.988,37.466,0 -81.977,37.483,0 -81.94799999999999,37.493,0 -81.93600000000001,37.507,0 -81.95999999999999,37.531,0 </coordinates>
			</LineString>
		</Placemark>
		<Placemark>
			<visibility>0</visibility>
			<styleUrl>#msn_ylw-pushpin0</styleUrl>
			<LineString>
				<tessellate>1</tessellate>
				<coordinates>
-75.093,38.45,0 -75.34999999999999,38.455,0 -75.699,38.463,0 -75.70699999999999,38.557,0 -75.711,38.65,0 -75.72499999999999,38.83,0 -75.753,39.142,0 -75.762,39.248,0 -75.765,39.296,0 -75.773,39.383,0 -75.791,39.724,0 </coordinates>
			</LineString>
		</Placemark>
		<Placemark>
			<visibility>0</visibility>
			<styleUrl>#msn_ylw-pushpin0</styleUrl>
			<LineString>
				<tessellate>1</tessellate>
				<coordinates>
-75.373,38.017,0 -75.626,37.996,0 -75.648,37.97,0 </coordinates>
			</LineString>
		</Placemark>
		<Placemark>
			<visibility>0</visibility>
			<styleUrl>#msn_ylw-pushpin0</styleUrl>
			<LineString>
				<tessellate>1</tessellate>
				<coordinates>
-77.13,38.648,0 -77.125,38.678,0 -77.093,38.704,0 -77.08199999999999,38.715,0 -77.057,38.712,0 -77.04600000000001,38.719,0 -77.045,38.788,0 -76.911,38.89,0 -77.008,38.967,0 -77.042,38.993,0 -77.123,38.932,0 -77.152,38.965,0 -77.244,38.976,0 -77.256,39.028,0 -77.325,39.063,0 -77.34699999999999,39.069,0 -77.43300000000001,39.067,0 -77.45999999999999,39.081,0 -77.479,39.104,0 -77.51300000000001,39.117,0 -77.517,39.157,0 -77.479,39.177,0 -77.462,39.219,0 -77.465,39.229,0 -77.494,39.25,0 -77.542,39.269,0 -77.569,39.298,0 -77.617,39.3,0 -77.68000000000001,39.319,0 -77.72799999999999,39.318,0 </coordinates>
			</LineString>
		</Placemark>
		<Placemark>
			<visibility>0</visibility>
			<styleUrl>#msn_ylw-pushpin0</styleUrl>
			<LineString>
				<tessellate>1</tessellate>
				<coordinates>
-77.123,38.932,0 -77.07899999999999,38.916,0 -77.068,38.886,0 -77.039,38.862,0 -77.04000000000001,38.838,0 -77.045,38.829,0 -77.035,38.814,0 -77.045,38.788,0 </coordinates>
			</LineString>
		</Placemark>
		<Placemark>
			<visibility>0</visibility>
			<styleUrl>#msn_ylw-pushpin0</styleUrl>
			<LineString>
				<tessellate>1</tessellate>
				<coordinates>
-75.892,36.599,0 -75.95099999999999,36.722,0 -75.999,36.557,0 </coordinates>
			</LineString>
		</Placemark>
		<Placemark>
			<visibility>0</visibility>
			<styleUrl>#msn_ylw-pushpin0</styleUrl>
			<LineString>
				<tessellate>1</tessellate>
				<coordinates>
-76.04600000000001,36.557,0 -76.127,36.557,0 -76.33,36.556,0 -76.498,36.556,0 -76.56399999999999,36.555,0 -76.922,36.554,0 -76.92400000000001,36.554,0 -77.17700000000001,36.556,0 -77.31999999999999,36.554,0 -77.764,36.553,0 -77.899,36.553,0 -78.05200000000001,36.552,0 -78.321,36.546,0 -78.459,36.541,0 -78.73699999999999,36.546,0 -78.797,36.544,0 -79.14400000000001,36.546,0 -79.217,36.55,0 -79.51000000000001,36.548,0 -79.717,36.548,0 -80.024,36.545,0 -80.048,36.547,0 -80.435,36.551,0 -80.611,36.557,0 -80.83799999999999,36.563,0 -80.90300000000001,36.565,0 -81.345,36.573,0 -81.67,36.59,0 </coordinates>
			</LineString>
		</Placemark>
		<Placemark>
			<visibility>0</visibility>
			<styleUrl>#msn_ylw-pushpin0</styleUrl>
			<LineString>
				<tessellate>1</tessellate>
				<coordinates>
-78.58,33.882,0 -78.65600000000001,33.949,0 -79.075,34.305,0 -79.447,34.619,0 -79.456,34.634,0 -79.66800000000001,34.801,0 -79.68600000000001,34.805,0 -79.92,34.808,0 -80.325,34.815,0 -80.562,34.815,0 -80.8,34.816,0 -80.786,34.941,0 -80.84,35.002,0 -80.895,35.06,0 -80.928,35.101,0 -81.04000000000001,35.037,0 -81.066,35.066,0 -81.02800000000001,35.105,0 -81.04900000000001,35.132,0 -81.04900000000001,35.152,0 -81.32299999999999,35.164,0 -81.36199999999999,35.163,0 -81.765,35.182,0 -81.871,35.183,0 -81.971,35.188,0 -82.20999999999999,35.193,0 -82.27800000000001,35.195,0 -82.321,35.184,0 -82.351,35.193,0 -82.36,35.183,0 -82.371,35.183,0 -82.39,35.208,0 -82.438,35.17,0 -82.467,35.173,0 -82.52500000000001,35.155,0 -82.56999999999999,35.149,0 -82.654,35.119,0 -82.68600000000001,35.121,0 -82.688,35.098,0 -82.697,35.091,0 -82.771,35.085,0 -82.88800000000001,35.055,0 -83.00700000000001,35.024,0 -83.10599999999999,35,0 -83.51300000000001,34.992,0 -83.54900000000001,34.99,0 -83.938,34.989,0 -83.989,34.989,0 -84.11799999999999,34.988,0 -84.324,34.989,0 </coordinates>
			</LineString>
		</Placemark>
		<Placemark>
			<visibility>0</visibility>
			<styleUrl>#msn_ylw-pushpin0</styleUrl>
			<LineString>
				<tessellate>1</tessellate>
				<coordinates>
-81.105,32.105,0 -81.119,32.117,0 -81.11499999999999,32.19,0 -81.148,32.224,0 -81.148,32.258,0 -81.124,32.276,0 -81.13200000000001,32.332,0 -81.142,32.348,0 -81.158,32.339,0 -81.179,32.372,0 -81.178,32.387,0 -81.2,32.42,0 -81.19499999999999,32.464,0 -81.236,32.52,0 -81.268,32.534,0 -81.274,32.555,0 -81.29900000000001,32.567,0 -81.34099999999999,32.571,0 -81.352,32.583,0 -81.367,32.582,0 -81.366,32.588,0 -81.38500000000001,32.596,0 -81.41200000000001,32.625,0 -81.40000000000001,32.651,0 -81.407,32.687,0 -81.42100000000001,32.701,0 -81.408,32.742,0 -81.423,32.75,0 -81.416,32.757,0 -81.43000000000001,32.786,0 -81.42100000000001,32.809,0 -81.43000000000001,32.82,0 -81.42400000000001,32.832,0 -81.43300000000001,32.842,0 -81.455,32.844,0 -81.459,32.871,0 -81.483,32.876,0 -81.465,32.898,0 -81.477,32.897,0 -81.51000000000001,32.947,0 -81.51000000000001,32.955,0 -81.498,32.96,0 -81.49299999999999,33.005,0 -81.509,33.013,0 -81.53,33.044,0 -81.548,33.044,0 -81.56,33.061,0 -81.596,33.071,0 -81.611,33.088,0 -81.70399999999999,33.123,0 -81.741,33.145,0 -81.764,33.17,0 -81.76000000000001,33.195,0 -81.77,33.214,0 -81.78,33.217,0 -81.80200000000001,33.208,0 -81.81100000000001,33.226,0 -81.854,33.243,0 -81.837,33.26,0 -81.84,33.273,0 -81.827,33.269,0 -81.861,33.297,0 -81.84,33.308,0 -81.866,33.316,0 -81.877,33.307,0 -81.89400000000001,33.335,0 -81.91200000000001,33.332,0 -81.91200000000001,33.349,0 -81.937,33.35,0 -81.94499999999999,33.377,0 -81.926,33.376,0 -81.94,33.408,0 -81.914,33.415,0 -81.92700000000001,33.436,0 -81.917,33.451,0 -81.937,33.471,0 -81.98099999999999,33.491,0 -81.997,33.52,0 -82.02,33.539,0 -82.039,33.547,0 -82.066,33.574,0 -82.117,33.595,0 -82.139,33.594,0 -82.167,33.615,0 -82.19199999999999,33.624,0 -82.214,33.681,0 -82.235,33.69,0 -82.26600000000001,33.761,0 -82.306,33.783,0 -82.31100000000001,33.804,0 -82.351,33.835,0 -82.366,33.836,0 -82.39100000000001,33.854,0 -82.425,33.86,0 -82.45699999999999,33.878,0 -82.518,33.931,0 -82.577,33.959,0 -82.574,33.969,0 -82.596,34.013,0 -82.60299999999999,34.035,0 -82.66,34.108,0 -82.736,34.17,0 -82.74299999999999,34.205,0 -82.758,34.233,0 -82.764,34.281,0 -82.783,34.29,0 -82.809,34.34,0 -82.837,34.371,0 -82.84399999999999,34.413,0 -82.86799999999999,34.457,0 -82.905,34.478,0 -82.982,34.476,0 -83.008,34.471,0 -83.05500000000001,34.49,0 -83.07899999999999,34.519,0 -83.108,34.535,0 -83.137,34.568,0 -83.15900000000001,34.577,0 -83.16500000000001,34.599,0 -83.23699999999999,34.613,0 -83.29900000000001,34.663,0 -83.34,34.678,0 -83.351,34.71,0 -83.34999999999999,34.727,0 -83.324,34.752,0 -83.32299999999999,34.787,0 -83.303,34.805,0 -83.27,34.815,0 -83.268,34.839,0 -83.251,34.84,0 -83.25,34.85,0 -83.236,34.862,0 -83.24299999999999,34.878,0 -83.233,34.874,0 -83.22,34.889,0 -83.20399999999999,34.884,0 -83.182,34.911,0 -83.158,34.918,0 -83.155,34.932,0 -83.13800000000001,34.93,0 -83.126,34.941,0 -83.113,34.936,0 -83.127,34.954,0 -83.122,34.961,0 -83.116,34.955,0 -83.101,34.984,0 -83.10599999999999,35,0 </coordinates>
			</LineString>
		</Placemark>
		<Placemark>
			<visibility>0</visibility>
			<styleUrl>#msn_ylw-pushpin0</styleUrl>
			<LineString>
				<tessellate>1</tessellate>
				<coordinates>
-81.529,30.721,0 -81.53700000000001,30.706,0 -81.601,30.725,0 -81.605,30.716,0 -81.628,30.732,0 -81.643,30.729,0 -81.717,30.745,0 -81.73699999999999,30.764,0 -81.758,30.769,0 -81.777,30.761,0 -81.803,30.788,0 -81.873,30.799,0 -81.899,30.828,0 -81.908,30.813,0 -81.944,30.824,0 -81.953,30.82,0 -81.962,30.796,0 -81.982,30.778,0 -82.01600000000001,30.791,0 -82.01300000000001,30.764,0 -82.032,30.757,0 -82.045,30.651,0 -82.014,30.598,0 -82.006,30.571,0 -82.023,30.477,0 -82.035,30.443,0 -82.04600000000001,30.434,0 -82.039,30.379,0 -82.053,30.364,0 -82.16500000000001,30.361,0 -82.18000000000001,30.36799999999999,0 -82.206,30.424,0 -82.199,30.48999999999999,0 -82.22,30.503,0 -82.239,30.531,0 -82.221,30.567,0 -82.41200000000001,30.577,0 -82.46299999999999,30.582,0 -82.583,30.589,0 -82.586,30.589,0 </coordinates>
			</LineString>
		</Placemark>
		<Placemark>
			<visibility>0</visibility>
			<styleUrl>#msn_ylw-pushpin1</styleUrl>
			<Polygon>
				<tessellate>1</tessellate>
				<outerBoundaryIs>
					<LinearRing>
						<coordinates>
-82.206,37.624,0 -82.206,37.624,0 -82.18600000000001,37.641,0 -82.15900000000001,37.593,0 -82.13200000000001,37.59,0 -82.13800000000001,37.57,0 -82.14700000000001,37.566,0 -82.143,37.557,0 -82.08499999999999,37.548,0 -82.056,37.525,0 -82.04900000000001,37.551,0 -82.027,37.53,0 -81.977,37.543,0 -81.95999999999999,37.531,0 -82.289,37.305,0 -82.354,37.26,0 -82.40600000000001,37.251,0 -82.55,37.199,0 -82.568,37.194,0 -82.71899999999999,37.11,0 -82.721,37.093,0 -82.709,37.075,0 -82.72,37.066,0 -82.724,37.034,0 -82.812,37.006,0 -82.867,36.974,0 -82.861,36.932,0 -82.878,36.894,0 -82.95099999999999,36.864,0 -83.047,36.859,0 -83.068,36.851,0 -83.128,36.779,0 -83.124,36.751,0 -83.139,36.74,0 -83.20399999999999,36.734,0 -83.321,36.709,0 -83.386,36.688,0 -83.404,36.672,0 -83.45999999999999,36.662,0 -83.53100000000001,36.661,0 -83.64700000000001,36.617,0 -83.675,36.599,0 -83.464,36.599,0 -83.27500000000001,36.6,0 -83.248,36.59,0 -83.211,36.588,0 -82.98699999999999,36.591,0 -82.84999999999999,36.591,0 -82.611,36.591,0 -82.297,36.592,0 -82.217,36.594,0 -82.154,36.595,0 -81.929,36.596,0 -81.91800000000001,36.613,0 -81.82899999999999,36.611,0 -81.652,36.608,0 -81.67,36.59,0 -81.703,36.519,0 -81.69799999999999,36.472,0 -81.741,36.392,0 -81.73999999999999,36.362,0 -81.709,36.334,0 -81.73,36.329,0 -81.831,36.335,0 -81.911,36.291,0 -81.93300000000001,36.263,0 -82.02,36.13,0 -82.078,36.1,0 -82.11799999999999,36.096,0 -82.154,36.14,0 -82.208,36.147,0 -82.262,36.12,0 -82.312,36.122,0 -82.374,36.099,0 -82.408,36.075,0 -82.47499999999999,35.993,0 -82.50700000000001,35.973,0 -82.554,35.956,0 -82.599,35.963,0 -82.60599999999999,36.004,0 -82.592,36.022,0 -82.604,36.043,0 -82.628,36.054,0 -82.64400000000001,36.052,0 -82.76300000000001,36,0 -82.774,35.988,0 -82.776,35.957,0 -82.809,35.921,0 -82.85599999999999,35.947,0 -82.896,35.948,0 -82.914,35.928,0 -82.907,35.872,0 -82.96299999999999,35.792,0 -82.98699999999999,35.774,0 -83.06,35.783,0 -83.11799999999999,35.764,0 -83.14400000000001,35.763,0 -83.185,35.729,0 -83.244,35.718,0 -83.253,35.701,0 -83.259,35.691,0 -83.298,35.656,0 -83.343,35.653,0 -83.387,35.625,0 -83.458,35.597,0 -83.506,35.56,0 -83.56100000000001,35.555,0 -83.614,35.572,0 -83.673,35.565,0 -83.776,35.553,0 -83.83,35.519,0 -83.881,35.511,0 -83.91,35.476,0 -83.955,35.455,0 -84.01300000000001,35.408,0 -84.006,35.373,0 -84.029,35.325,0 -84.03100000000001,35.293,0 -84.04300000000001,35.273,0 -84.102,35.246,0 -84.18000000000001,35.241,0 -84.226,35.262,0 -84.291,35.211,0 -84.324,34.989,0 -84.63648787610421,34.9840686886765,0 -84.6878735374182,34.57015112999571,0 -84.68952554584398,34.14220865459276,0 -84.6355227122924,33.61155107234942,0 -84.56730142574807,33.19243635161483,0 -84.45852829449477,32.84525946359086,0 -84.35243443798412,32.60062758299252,0 -84.20565822735979,32.3610609050114,0 -84.04822847036939,32.15174249994528,0 -83.78115771487529,31.93306623188002,0 -83.48895905189033,31.79347668803624,0 -83.20536173314871,31.65893639931608,0 -82.89560677219644,31.51347048988731,0 -82.69166358691194,31.36231646427603,0 -82.59245973832921,31.19248930449082,0 -82.54444611766098,30.9886130196904,0 -82.53682936936401,30.85845872362687,0 -82.55826329148137,30.73314889809242,0 -82.61891155052555,30.54015816423618,0 -82.69615646268213,30.30382078864046,0 -82.71380909274026,30.04689768599748,0 -82.68443561575822,29.80554822502454,0 -82.63213067397668,29.57864955959945,0 -82.46666260632418,29.31409823226979,0 -82.27287212114402,29.10540728631331,0 -81.99357706751741,28.92670012638203,0 -81.69329085395876,28.80330423349854,0 -81.4676665777783,28.74672546357812,0 -81.17926655002087,28.71915086534696,0 -80.875,28.78,0 -80.849,28.777,0 -80.851,28.785,0 -80.83199999999999,28.786,0 -80.81399999999999,28.773,0 -80.77800000000001,28.768,0 -80.786,28.785,0 -81.09699999999999,29.352,0 -81.11,29.43,0 -81.23399999999999,29.669,0 -81.244,29.738,0 -81.31699999999999,29.829,0 -81.303,29.913,0 -81.43300000000001,30.247,0 -81.443,30.357,0 -81.48099999999999,30.38,0 -81.458,30.455,0 -81.518,30.556,0 -81.499,30.598,0 -81.529,30.721,0 -81.499,30.757,0 -81.529,30.865,0 -81.485,30.945,0 -81.529,30.962,0 -81.491,30.986,0 -81.536,31.077,0 -81.476,31.044,0 -81.52500000000001,31.086,0 -81.529,31.131,0 -81.381,31.149,0 -81.31,31.242,0 -81.301,31.276,0 -81.389,31.297,0 -81.395,31.264,0 -81.411,31.311,0 -81.366,31.344,0 -81.313,31.337,0 -81.209,31.467,0 -81.19499999999999,31.505,0 -81.239,31.557,0 -81.241,31.64,0 -81.187,31.6,0 -81.13500000000001,31.646,0 -81.29000000000001,31.799,0 -81.175,31.736,0 -81.197,31.785,0 -81.17400000000001,31.8,0 -81.137,31.727,0 -81.06100000000001,31.777,0 -81.039,31.823,0 -81.142,31.853,0 -81.18000000000001,31.897,0 -81.22,31.893,0 -81.20699999999999,31.92,0 -81.245,31.89399999999999,0 -81.28400000000001,31.949,0 -81.23999999999999,31.903,0 -81.20399999999999,31.928,0 -81.197,31.92,0 -81.20699999999999,31.9,0 -81.18000000000001,31.906,0 -81.14,31.864,0 -80.971,31.89,0 -80.974,31.948,0 -80.895,32.006,0 -81.105,32.105,0 -80.893,32.068,0 -80.78100000000001,32.248,0 -80.822,32.401,0 -80.867,32.533,0 -80.831,32.516,0 -80.785,32.505,0 -80.8,32.473,0 -80.742,32.36,0 -80.678,32.285,0 -80.626,32.273,0 -80.461,32.318,0 -80.443,32.373,0 -80.486,32.431,0 -80.64400000000001,32.498,0 -80.64700000000001,32.519,0 -80.539,32.51,0 -80.551,32.558,0 -80.48099999999999,32.51,0 -80.40000000000001,32.505,0 -80.416,32.669,0 -80.39100000000001,32.655,0 -80.34699999999999,32.512,0 -80.291,32.504,0 -80.211,32.561,0 -79.997,32.606,0 -79.89700000000001,32.677,0 -79.892,32.734,0 -79.94799999999999,32.811,0 -79.962,32.904,0 -79.93000000000001,32.914,0 -79.907,32.859,0 -79.8,32.93,0 -79.908,32.791,0 -79.753,32.794,0 -79.607,32.899,0 -79.58799999999999,32.925,0 -79.617,32.981,0 -79.583,33.016,0 -79.411,33.014,0 -79.288,33.105,0 -79.298,33.139,0 -79.349,33.155,0 -79.23,33.141,0 -79.202,33.184,0 -79.271,33.297,0 -79.158,33.342,0 -79.15000000000001,33.317,0 -79.121,33.431,0 -79.001,33.572,0 -78.855,33.716,0 -78.586,33.853,0 -78.623,33.866,0 -78.58,33.882,0 -78.035,33.914,0 -77.959,33.993,0 -77.961,34.189,0 -77.92700000000001,34.062,0 -77.89400000000001,34.069,0 -77.864,34.193,0 -77.751,34.305,0 -77.60299999999999,34.413,0 -77.61,34.435,0 -77.587,34.421,0 -77.539,34.457,0 -77.157,34.661,0 -77.129,34.685,0 -77.149,34.764,0 -77.051,34.699,0 -76.625,34.72,0 -76.47,34.785,0 -76.315,34.949,0 -76.32899999999999,34.976,0 -76.364,34.943,0 -76.42400000000001,34.946,0 -76.44499999999999,35.017,0 -76.53,34.975,0 -76.67,34.97,0 -76.64700000000001,34.906,0 -76.913,34.936,0 -77.001,35.053,0 -77.111,35.066,0 -77.105,35.088,0 -77.048,35.092,0 -76.943,35.07,0 -76.94199999999999,35.027,0 -76.849,34.982,0 -76.678,35.024,0 -76.624,35.064,0 -76.605,35.139,0 -76.64,35.173,0 -76.50700000000001,35.249,0 -76.541,35.304,0 -76.59099999999999,35.312,0 -76.61499999999999,35.273,0 -76.69499999999999,35.35,0 -76.983,35.437,0 -77.104,35.55,0 -76.705,35.412,0 -76.629,35.438,0 -76.63800000000001,35.52,0 -76.49299999999999,35.542,0 -76.51900000000001,35.578,0 -76.447,35.551,0 -76.458,35.504,0 -76.53400000000001,35.45,0 -76.499,35.416,0 -76.182,35.342,0 -76.053,35.415,0 -75.892,35.631,0 -75.779,35.579,0 -75.729,35.665,0 -75.749,35.869,0 -75.818,35.924,0 -75.988,35.893,0 -76.021,35.669,0 -76.105,35.664,0 -76.167,35.697,0 -76.04300000000001,35.684,0 -76.07599999999999,35.757,0 -76.026,35.92,0 -76.09,35.963,0 -76.214,35.977,0 -76.372,35.932,0 -76.40900000000001,35.977,0 -76.697,35.942,0 -76.741,35.937,0 -76.694,35.993,0 -76.761,36.145,0 -76.745,36.234,0 -76.708,36.266,0 -76.741,36.315,0 -76.92400000000001,36.392,0 -76.777,36.358,0 -76.68899999999999,36.295,0 -76.727,36.157,0 -76.69,36.05,0 -76.633,36.037,0 -76.649,36.066,0 -76.59399999999999,36.01,0 -76.523,36.007,0 -76.42,36.059,0 -76.48099999999999,36.08,0 -76.276,36.11,0 -76.29900000000001,36.214,0 -76.235,36.163,0 -76.142,36.148,0 -76.113,36.174,0 -76.21899999999999,36.297,0 -76.18300000000001,36.315,0 -75.98099999999999,36.17,0 -75.95699999999999,36.194,0 -76.009,36.32,0 -75.94199999999999,36.294,0 -75.958,36.259,0 -75.914,36.245,0 -75.855,36.106,0 -75.79900000000001,36.073,0 -75.8,36.113,0 -75.925,36.351,0 -75.928,36.423,0 -75.95099999999999,36.365,0 -76.002,36.419,0 -75.97,36.415,0 -75.976,36.436,0 -76.09099999999999,36.504,0 -76.033,36.514,0 -76.04600000000001,36.557,0 -76.062,36.604,0 -76.027,36.557,0 -75.976,36.518,0 -75.977,36.478,0 -75.925,36.474,0 -75.91200000000001,36.543,0 -75.999,36.557,0 -75.95099999999999,36.722,0 -75.893,36.599,0 -75.902,36.556,0 -75.783,36.225,0 -75.741,36.05,0 -75.703,36.05,0 -75.545,35.788,0 -75.773,36.229,0 -75.878,36.556,0 -75.995,36.923,0 -76.11799999999999,36.932,0 -76.19199999999999,36.904,0 -76.202,36.935,0 -76.28400000000001,36.963,0 -76.30800000000001,36.942,0 -76.29300000000001,36.828,0 -76.31699999999999,36.846,0 -76.401,36.826,0 -76.39400000000001,36.836,0 -76.342,36.86,0 -76.348,36.913,0 -76.411,36.901,0 -76.50700000000001,36.869,0 -76.562,36.796,0 -76.56100000000001,36.842,0 -76.48699999999999,36.896,0 -76.482,36.919,0 -76.517,36.912,0 -76.48999999999999,36.962,0 -76.55500000000001,37.006,0 -76.613,36.995,0 -76.578,37.024,0 -76.666,37.054,0 -76.672,37.148,0 -76.68600000000001,37.198,0 -76.729,37.151,0 -76.797,37.207,0 -76.901,37.201,0 -76.94199999999999,37.237,0 -76.878,37.259,0 -76.876,37.323,0 -76.857,37.244,0 -76.79600000000001,37.24,0 -76.746,37.193,0 -76.697,37.233,0 -76.648,37.226,0 -76.61,37.179,0 -76.625,37.132,0 -76.568,37.08,0 -76.565,37.118,0 -76.515,37.088,0 -76.53100000000001,37.068,0 -76.426,36.965,0 -76.38500000000001,36.99,0 -76.29300000000001,37.02,0 -76.279,37.074,0 -76.396,37.108,0 -76.286,37.122,0 -76.337,37.177,0 -76.364,37.146,0 -76.39700000000001,37.173,0 -76.413,37.152,0 -76.425,37.207,0 -76.595,37.291,0 -76.67,37.372,0 -76.705,37.418,0 -76.654,37.412,0 -76.461,37.255,0 -76.393,37.293,0 -76.456,37.377,0 -76.404,37.373,0 -76.417,37.412,0 -76.464,37.419,0 -76.447,37.458,0 -76.339,37.394,0 -76.301,37.335,0 -76.27500000000001,37.33,0 -76.255,37.39,0 -76.35599999999999,37.516,0 -76.434,37.515,0 -76.51300000000001,37.553,0 -76.349,37.525,0 -76.315,37.551,0 -76.56999999999999,37.642,0 -76.682,37.775,0 -76.732,37.798,0 -76.819,37.92,0 -76.77200000000001,37.917,0 -76.63200000000001,37.796,0 -76.58,37.77,0 -76.50700000000001,37.656,0 -76.345,37.623,0 -76.32299999999999,37.678,0 -76.357,37.7,0 -76.31,37.719,0 -76.325,37.799,0 -76.252,37.85,0 -76.259,37.89,0 -76.36799999999999,37.957,0 -76.52500000000001,38.013,0 -76.574,38.003,0 -76.55800000000001,38.025,0 -76.54900000000001,38.074,0 -76.596,38.12,0 -76.93600000000001,38.202,0 -76.999,38.28,0 -77.05500000000001,38.375,0 -77.241,38.331,0 -77.322,38.344,0 -77.289,38.363,0 -77.339,38.437,0 -77.304,38.502,0 -77.22799999999999,38.651,0 -77.19499999999999,38.661,0 -77.197,38.623,0 -77.13,38.648,0 -77.27800000000001,38.487,0 -77.256,38.414,0 -77.221,38.391,0 -77.002,38.427,0 -76.973,38.331,0 -76.90900000000001,38.3,0 -76.864,38.391,0 -76.76000000000001,38.234,0 -76.577,38.223,0 -76.33,38.046,0 -76.34399999999999,38.213,0 -76.64700000000001,38.45,0 -76.52,38.41,0 -76.47199999999999,38.336,0 -76.42100000000001,38.321,0 -76.405,38.346,0 -76.386,38.391,0 -76.509,38.522,0 -76.52500000000001,38.71,0 -76.54900000000001,38.759,0 -76.47199999999999,38.908,0 -76.42400000000001,39.118,0 -76.56399999999999,39.196,0 -76.595,39.159,0 -76.607,39.181,0 -76.577,39.198,0 -76.565,39.231,0 -76.604,39.259,0 -76.53100000000001,39.243,0 -76.399,39.231,0 -76.364,39.393,0 -76.227,39.375,0 -76.155,39.402,0 -76.07899999999999,39.542,0 -76.03100000000001,39.57,0 -75.97499999999999,39.524,0 -75.953,39.471,0 -75.979,39.395,0 -75.84999999999999,39.379,0 -76.03700000000001,39.358,0 -76.11199999999999,39.321,0 -76.218,39.205,0 -76.239,39.131,0 -76.22199999999999,39.093,0 -76.111,39.119,0 -76.2,38.973,0 -76.114,38.921,0 -76.096,38.948,0 -76.10299999999999,38.898,0 -76.07599999999999,38.89,0 -76.114,38.885,0 -76.166,38.789,0 -76.19499999999999,38.765,0 -76.27200000000001,38.834,0 -76.351,38.699,0 -76.33799999999999,38.679,0 -76.267,38.77,0 -76.223,38.763,0 -76.17400000000001,38.709,0 -76.124,38.708,0 -76.07599999999999,38.611,0 -76.047,38.592,0 -76.02800000000001,38.622,0 -76.032,38.572,0 -76.251,38.595,0 -76.19199999999999,38.543,0 -76.292,38.479,0 -76.294,38.437,0 -76.065,38.259,0 -76.021,38.322,0 -75.995,38.283,0 -75.95,38.282,0 -75.887,38.375,0 -75.872,38.357,0 -75.895,38.259,0 -75.794,38.264,0 -75.86199999999999,38.24,0 -75.83799999999999,38.232,0 -75.898,38.175,0 -75.77,38.097,0 -75.866,37.98,0 -75.648,37.97,0 -75.658,37.941,0 -75.73399999999999,37.931,0 -75.687,37.858,0 -75.696,37.825,0 -75.783,37.79,0 -75.8,37.712,0 -75.90600000000001,37.592,0 -75.887,37.58,0 -75.93000000000001,37.586,0 -75.941,37.562,0 -75.867,37.552,0 -75.931,37.557,0 -75.955,37.522,0 -75.965,37.479,0 -75.934,37.485,0 -76.01900000000001,37.309,0 -75.971,37.126,0 -75.931,37.143,0 -75.89700000000001,37.367,0 -75.827,37.418,0 -75.791,37.408,0 -75.821,37.426,0 -75.813,37.469,0 -75.705,37.493,0 -75.75700000000001,37.511,0 -75.72799999999999,37.558,0 -75.65000000000001,37.56,0 -75.7,37.59,0 -75.59,37.677,0 -75.61799999999999,37.697,0 -75.373,38.017,0 -75.373,38.069,0 -75.26300000000001,38.201,0 -75.151,38.274,0 -75.155,38.37,0 -75.093,38.45,0 -75.068,38.45,0 -75.08799999999999,38.323,0 -75.04600000000001,38.449,0 -75.083,38.8,0 -75.191,38.809,0 -75.30800000000001,38.946,0 -75.325,39.012,0 -75.398,39.073,0 -75.40300000000001,39.258,0 -75.51600000000001,39.367,0 -75.59,39.464,0 -75.563,39.567,0 -75.611,39.613,0 -75.48999999999999,39.715,0 -75.571,39.618,0 -75.517,39.566,0 -75.553,39.49,0 -75.416,39.375,0 -75.12,39.185,0 -75.015,39.198,0 -74.917,39.171,0 -74.89100000000001,39.114,0 -74.96899999999999,38.972,0 -74.877,38.957,0 -74.88,38.99,0 -74.803,39.026,0 -74.625,39.251,0 -74.623,39.282,0 -74.65900000000001,39.287,0 -74.44799999999999,39.381,0 -74.461,39.427,0 -74.402,39.503,0 -74.413,39.543,0 -74.32899999999999,39.524,0 -74.324,39.572,0 -74.238,39.624,0 -74.172,39.718,0 -74.16,39.878,0 -74.078,40.042,0 -74.123,40.051,0 -74.05,40.057,0 -74.035,40.091,0 -74.084,40.088,0 -74.092,40.116,0 -74.04000000000001,40.102,0 -73.979,40.324,0 -74.122,40.451,0 -74.22499999999999,40.443,0 -74.26900000000001,40.464,0 -74.279,40.514,0 -74.209,40.591,0 -74.14700000000001,40.675,0 -74.116,40.706,0 -74.13,40.647,0 -74.00700000000001,40.704,0 -73.92,40.803,0 -73.797,40.832,0 -73.78100000000001,40.887,0 -73.654,40.998,0 -73.654,41.013,0 -73.726,41.1,0 -73.479,41.211,0 -73.551,41.294,0 -73.545,41.365,0 -73.53100000000001,41.523,0 -73.518,41.666,0 -73.485,42.047,0 -73.499,42.077,0 -73.351,42.505,0 -73.259,42.746,0 -73.27,42.747,0 -73.297,42.803,0 -73.28,42.837,0 -73.277,42.94,0 -73.251,43.311,0 -73.239,43.513,0 -73.261,43.559,0 -73.292,43.575,0 -73.282,43.593,0 -73.295,43.62,0 -73.304,43.625,0 -73.364,43.615,0 -73.389,43.569,0 -73.419,43.582,0 -73.42400000000001,43.632,0 -73.372,43.714,0 -73.357,43.757,0 -73.36,43.778,0 -73.38500000000001,43.804,0 -73.376,43.886,0 -73.40600000000001,43.915,0 -73.41800000000001,43.988,0 -73.40900000000001,44.018,0 -73.437,44.046,0 -73.43600000000001,44.064,0 -73.40900000000001,44.107,0 -73.408,44.136,0 -73.383,44.172,0 -73.378,44.201,0 -73.306,44.26,0 -73.33,44.367,0 -73.301,44.405,0 -73.294,44.433,0 -73.33499999999999,44.544,0 -73.348,44.554,0 -73.372,44.579,0 -73.38200000000001,44.62,0 -73.371,44.634,0 -73.374,44.661,0 -73.35899999999999,44.68,0 -73.374,44.724,0 -73.327,44.799,0 -73.37,44.819,0 -73.383,44.848,0 -73.337,44.933,0 -73.351,44.982,0 -73.345,45.006,0 -74.02200000000001,44.991,0 -74.73699999999999,44.993,0 -74.96899999999999,44.949,0 -75.32899999999999,44.811,0 -75.759,44.517,0 -75.848,44.39,0 -76.363,44.098,0 -76.297,44.042,0 -76.202,44.066,0 -76.13500000000001,44.013,0 -76.129,43.932,0 -76.194,43.912,0 -76.23999999999999,43.835,0 -76.206,43.683,0 -76.185,43.633,0 -76.223,43.554,0 -76.455,43.501,0 -76.62,43.414,0 -76.71899999999999,43.323,0 -76.73699999999999,43.343,0 -76.91500000000001,43.279,0 -77.378,43.276,0 -77.57599999999999,43.241,0 -77.745,43.335,0 -77.992,43.366,0 -78.465,43.372,0 -79.062,43.268,0 -79.04000000000001,43.145,0 -79.06100000000001,43.091,0 -78.926,43.067,0 -78.883,43.022,0 -78.937,42.974,0 -78.85899999999999,42.793,0 -79.044,42.699,0 -79.142,42.575,0 -79.355,42.493,0 -79.444,42.419,0 -79.76300000000001,42.267,0 -80.521,41.987,0 -80.523,41.851,0 -80.524,41.495,0 -80.52,41.489,0 -80.523,41.13,0 -80.521,40.897,0 -80.521,40.854,0 -80.52200000000001,40.637,0 -80.575,40.616,0 -80.61199999999999,40.62,0 -80.63800000000001,40.614,0 -80.66800000000001,40.582,0 -80.669,40.568,0 -80.634,40.539,0 -80.625,40.504,0 -80.602,40.48,0 -80.628,40.398,0 -80.629,40.389,0 -80.60899999999999,40.373,0 -80.605,40.306,0 -80.61499999999999,40.276,0 -80.65000000000001,40.246,0 -80.679,40.194,0 -80.70099999999999,40.168,0 -80.702,40.154,0 -80.738,40.036,0 -80.739,39.983,0 -80.76300000000001,39.947,0 -80.759,39.921,0 -80.768,39.913,0 -80.79600000000001,39.92,0 -80.80800000000001,39.916,0 -80.812,39.905,0 -80.791,39.872,0 -80.79900000000001,39.857,0 -80.82599999999999,39.84,0 -80.819,39.809,0 -80.871,39.76,0 -80.857,39.736,0 -80.83199999999999,39.719,0 -80.833,39.703,0 -80.864,39.68,0 -80.873,39.662,0 -80.881,39.624,0 -80.913,39.607,0 -80.93300000000001,39.607,0 -80.98399999999999,39.582,0 -81.033,39.544,0 -81.038,39.533,0 -81.098,39.496,0 -81.117,39.468,0 -81.181,39.438,0 -81.2,39.416,0 -81.22499999999999,39.408,0 -81.238,39.388,0 -81.28400000000001,39.387,0 -81.339,39.354,0 -81.376,39.346,0 -81.434,39.406,0 -81.44799999999999,39.411,0 -81.465,39.407,0 -81.541,39.353,0 -81.55800000000001,39.333,0 -81.57299999999999,39.266,0 -81.66800000000001,39.27,0 -81.69,39.26,0 -81.69799999999999,39.22,0 -81.723,39.213,0 -81.759,39.176,0 -81.745,39.126,0 -81.754,39.095,0 -81.78700000000001,39.077,0 -81.81999999999999,39.077,0 -81.824,39.066,0 -81.81399999999999,39.044,0 -81.776,39.017,0 -81.782,38.968,0 -81.762,38.93,0 -81.783,38.923,0 -81.824,38.948,0 -81.84099999999999,38.938,0 -81.867,38.886,0 -81.893,38.873,0 -81.91500000000001,38.884,0 -81.932,38.895,0 -81.899,38.932,0 -81.928,38.984,0 -81.938,38.991,0 -81.97499999999999,38.993,0 -82,39.015,0 -82.04300000000001,39.014,0 -82.059,38.989,0 -82.08499999999999,38.977,0 -82.101,38.952,0 -82.139,38.899,0 -82.146,38.839,0 -82.19799999999999,38.805,0 -82.217,38.779,0 -82.184,38.71,0 -82.18899999999999,38.678,0 -82.17400000000001,38.632,0 -82.184,38.595,0 -82.214,38.585,0 -82.271,38.595,0 -82.29000000000001,38.58,0 -82.31399999999999,38.465,0 -82.32899999999999,38.442,0 -82.395,38.428,0 -82.41500000000001,38.43,0 -82.495,38.406,0 -82.548,38.4,0 -82.57599999999999,38.404,0 -82.587,38.412,0 -82.598,38.368,0 -82.572,38.308,0 -82.58,38.292,0 -82.575,38.256,0 -82.589,38.245,0 -82.616,38.239,0 -82.607,38.194,0 -82.614,38.178,0 -82.64700000000001,38.169,0 -82.646,38.146,0 -82.593,38.11,0 -82.52500000000001,38.016,0 -82.476,37.976,0 -82.48,37.954,0 -82.494,37.942,0 -82.5,37.922,0 -82.438,37.895,0 -82.422,37.872,0 -82.40600000000001,37.812,0 -82.34,37.784,0 -82.31999999999999,37.758,0 -82.33,37.744,0 -82.29600000000001,37.669,0 -82.239,37.657,0 -82.206,37.624,0 </coordinates>
					</LinearRing>
				</outerBoundaryIs>
			</Polygon>
		</Placemark>
		<Placemark>
			<visibility>0</visibility>
			<styleUrl>#msn_ylw-pushpin</styleUrl>
			<Polygon>
				<tessellate>1</tessellate>
				<outerBoundaryIs>
					<LinearRing>
						<coordinates>
-73.928,40.558,0 -73.762,40.618,0 -73.765,40.637,0 -73.84699999999999,40.653,0 -73.916,40.631,0 -73.88,40.59,0 -74.005,40.581,0 -74.02800000000001,40.639,0 -73.956,40.739,0 -73.90000000000001,40.797,0 -73.754,40.789,0 -73.75,40.845,0 -73.599,40.903,0 -73.479,40.88,0 -73.431,40.922,0 -73.215,40.901,0 -73.142,40.951,0 -73.02200000000001,40.968,0 -72.63200000000001,40.981,0 -72.318,41.149,0 -72.282,41.142,0 -72.355,41.11,0 -72.417,41.026,0 -72.55200000000001,40.966,0 -72.60599999999999,40.905,0 -72.477,40.92,0 -72.294,41.024,0 -72.20399999999999,41.035,0 -72.078,41,0 -71.925,41.085,0 -71.871,41.074,0 -71.92,41.03,0 -72.52200000000001,40.815,0 -73.423,40.661,0 -73.753,40.594,0 -73.928,40.558,0 -73.928,40.558,0 </coordinates>
					</LinearRing>
				</outerBoundaryIs>
			</Polygon>
		</Placemark>
		<Placemark>
			<visibility>0</visibility>
			<styleUrl>#msn_ylw-pushpin</styleUrl>
			<Polygon>
				<tessellate>1</tessellate>
				<outerBoundaryIs>
					<LinearRing>
						<coordinates>
-73.294,40.626,0 -73.292,40.633,0 -73.241,40.633,0 -73.05200000000001,40.675,0 -72.878,40.737,0 -72.783,40.764,0 -72.758,40.768,0 -72.765,40.758,0 -72.95699999999999,40.7,0 -73.032,40.671,0 -73.25,40.625,0 -73.294,40.626,0 -73.294,40.626,0 </coordinates>
					</LinearRing>
				</outerBoundaryIs>
			</Polygon>
		</Placemark>
		<Placemark>
			<visibility>0</visibility>
			<styleUrl>#msn_ylw-pushpin</styleUrl>
			<Polygon>
				<tessellate>1</tessellate>
				<outerBoundaryIs>
					<LinearRing>
						<coordinates>
-74.23699999999999,40.506,0 -74.23699999999999,40.538,0 -74.167,40.624,0 -74.07299999999999,40.649,0 -74.06,40.602,0 -74.124,40.545,0 -74.194,40.51,0 -74.23699999999999,40.506,0 -74.23699999999999,40.506,0 </coordinates>
					</LinearRing>
				</outerBoundaryIs>
			</Polygon>
		</Placemark>
		<Placemark>
			<visibility>0</visibility>
			<styleUrl>#msn_ylw-pushpin</styleUrl>
			<Polygon>
				<tessellate>1</tessellate>
				<outerBoundaryIs>
					<LinearRing>
						<coordinates>
-76.376,38.854,0 -76.357,38.958,0 -76.3,39.041,0 -76.248,38.979,0 -76.247,38.924,0 -76.274,38.949,0 -76.29300000000001,38.908,0 -76.295,38.968,0 -76.339,38.957,0 -76.31399999999999,38.942,0 -76.32299999999999,38.912,0 -76.343,38.924,0 -76.33,38.876,0 -76.376,38.854,0 -76.376,38.854,0 </coordinates>
					</LinearRing>
				</outerBoundaryIs>
			</Polygon>
		</Placemark>
		<Placemark>
			<visibility>0</visibility>
			<styleUrl>#msn_ylw-pushpin</styleUrl>
			<Polygon>
				<tessellate>1</tessellate>
				<outerBoundaryIs>
					<LinearRing>
						<coordinates>
-75.386,37.876,0 -75.345,37.902,0 -75.379,37.901,0 -75.34699999999999,37.919,0 -75.271,38.028,0 -75.245,38.038,0 -75.20999999999999,38.094,0 -75.16500000000001,38.205,0 -75.09399999999999,38.32,0 -75.173,38.124,0 -75.24299999999999,38.029,0 -75.29900000000001,37.963,0 -75.339,37.889,0 -75.386,37.876,0 -75.386,37.876,0 </coordinates>
					</LinearRing>
				</outerBoundaryIs>
			</Polygon>
		</Placemark>
		<Placemark>
			<visibility>0</visibility>
			<styleUrl>#msn_ylw-pushpin</styleUrl>
			<Polygon>
				<tessellate>1</tessellate>
				<outerBoundaryIs>
					<LinearRing>
						<coordinates>
-75.749,35.19,0 -75.69199999999999,35.235,0 -75.52200000000001,35.281,0 -75.47499999999999,35.564,0 -75.491,35.671,0 -75.53400000000001,35.769,0 -75.45699999999999,35.617,0 -75.526,35.228,0 -75.749,35.19,0 -75.749,35.19,0 </coordinates>
					</LinearRing>
				</outerBoundaryIs>
			</Polygon>
		</Placemark>
		<Placemark>
			<visibility>0</visibility>
			<styleUrl>#msn_ylw-pushpin</styleUrl>
			<Polygon>
				<tessellate>1</tessellate>
				<outerBoundaryIs>
					<LinearRing>
						<coordinates>
-76.017,35.069,0 -75.976,35.116,0 -75.854,35.167,0 -75.764,35.192,0 -75.812,35.164,0 -75.904,35.132,0 -76.003,35.069,0 -76.017,35.069,0 -76.017,35.069,0 </coordinates>
					</LinearRing>
				</outerBoundaryIs>
			</Polygon>
		</Placemark>
		<Placemark>
			<visibility>0</visibility>
			<styleUrl>#msn_ylw-pushpin</styleUrl>
			<Polygon>
				<tessellate>1</tessellate>
				<outerBoundaryIs>
					<LinearRing>
						<coordinates>
-76.544,34.588,0 -76.55500000000001,34.611,0 -76.538,34.614,0 -76.485,34.698,0 -76.432,34.761,0 -76.375,34.813,0 -76.288,34.877,0 -76.46899999999999,34.693,0 -76.544,34.588,0 -76.544,34.588,0 </coordinates>
					</LinearRing>
				</outerBoundaryIs>
			</Polygon>
		</Placemark>
		<Placemark>
			<visibility>0</visibility>
			<styleUrl>#msn_ylw-pushpin</styleUrl>
			<Polygon>
				<tessellate>1</tessellate>
				<outerBoundaryIs>
					<LinearRing>
						<coordinates>
-80.819,32.104,0 -80.768,32.258,0 -80.71899999999999,32.272,0 -80.667,32.22,0 -80.819,32.104,0 -80.819,32.104,0 </coordinates>
					</LinearRing>
				</outerBoundaryIs>
			</Polygon>
		</Placemark>
		<Placemark>
			<visibility>0</visibility>
			<styleUrl>#msn_ylw-pushpin</styleUrl>
			<Polygon>
				<tessellate>1</tessellate>
				<outerBoundaryIs>
					<LinearRing>
						<coordinates>
-81.456,30.716,0 -81.48,30.737,0 -81.47,30.86,0 -81.503,30.882,0 -81.485,30.904,0 -81.417,30.97,0 -81.40300000000001,30.939,0 -81.456,30.716,0 -81.456,30.716,0 </coordinates>
					</LinearRing>
				</outerBoundaryIs>
			</Polygon>
		</Placemark>
		<Placemark>
			<visibility>0</visibility>
			<styleUrl>#msn_ylw-pushpin</styleUrl>
			<Polygon>
				<tessellate>1</tessellate>
				<outerBoundaryIs>
					<LinearRing>
						<coordinates>
-80.736,28.78900000000001,0 -80.764,28.822,0 -80.81699999999999,28.895,0 -80.89100000000001,29.013,0 -80.917,29.072,0 -80.899,29.061,0 -80.863,28.991,0 -80.736,28.78900000000001,0 -80.736,28.78900000000001,0 </coordinates>
					</LinearRing>
				</outerBoundaryIs>
			</Polygon>
		</Placemark>
		<Placemark>
			<visibility>0</visibility>
			<styleUrl>#msn_ylw-pushpin</styleUrl>
			<Polygon>
				<tessellate>1</tessellate>
				<outerBoundaryIs>
					<LinearRing>
						<coordinates>
-80.708,28.76000000000001,0 -80.70999999999999,28.76000000000001,0 -80.726,28.784,0 -80.708,28.76000000000001,0 -80.708,28.76000000000001,0 </coordinates>
					</LinearRing>
				</outerBoundaryIs>
			</Polygon>
		</Placemark>
	</Folder>
</Document>
</kml>
